2023-11-22 12:24:25,4971091237535756,7270350214,Antares_51,#都美竹最新录音# 一审结束后，这女的在直播间一边播放着好日子，一边喜笑颜开宣称自己是一审受害者，那么，这个真的是受害者吗？？？一开始和别人说谈恋爱，后来索要800万吴方不给b了j，她立马反咬qj，后来有人参与进了这件事，(见下图)，致使事情扑朔迷离，，她信誓旦旦的说有人帮绝对不会输，这才是真正恐怖的地方↓ 最后一图是有人找李恩要给500万让她闭嘴不让爆料都美竹↓ #都美竹录音# 收起d,11分钟前,https://weibo.com/7270350214/NtPphvCos?refer_flag=1001030103_,0,0,0,0,都美竹
2023-11-22 12:24:25,4971079185466120,5219318082,内娱北叔,#都美竹#最新录音 李恩爆料了都美竹的录音，还发文说，都美竹承认吴对她很好是谈恋爱，难道这是所谓的“受害者”？李恩与都美竹关系破裂后多次diss她，每次有都美竹的负面消息，李恩必发文再吐槽一遍她 L内娱北叔的微博视频,59分钟前,https://weibo.com/5219318082/NtP5QmVZe?refer_flag=1001030103_,0,2,1,0,都美竹
2023-11-22 12:24:25,4971067954692202,5846269284,超凶的媛,都美竹的同类，你好。我已经发现了你的举报 你甚至都不敢与我对线 只敢偷偷举报什么成分不用多说了吧,今天02:40,https://weibo.com/5846269284/NtONJjGEG?refer_flag=1001030103_,0,0,0,0,都美竹
2023-11-22 12:24:25,4971061980432207,5462632477,bb想跑虾仁不眨眼,都美竹什么时候能死 回家我就烧香咒你死,今天02:16,https://weibo.com/5462632477/NtOE61Or5?refer_flag=1001030103_,0,1,5,0,都美竹
2023-11-22 12:24:25,4971058609521761,5608695193,D三一,听了都美竹的录音，吴亦凡还能放出来吗？,今天02:03,https://weibo.com/5608695193/NtOyEDX2N?refer_flag=1001030103_,0,1,0,0,都美竹
2023-11-22 12:24:25,4971056940190168,5886541485,锐青年,李恩 都美竹 李恩肯定不是好东西！ 都美竹也有问题，但是她对清理肮脏腐臭的娱乐圈做出了贡献。,今天01:56,https://weibo.com/5886541485/NtOvY0Nte?refer_flag=1001030103_,0,0,0,0,都美竹
2023-11-22 12:24:25,4971056114172636,5857222640,岁岁年年总相逢,#都美竹最新录音#广场上仍然有部分看客一副“无论都美竹再怎么样，吴也已经进去了”的看法，想法。我想说的是，这里没人提吴，咱们说的重点是都美竹，请别用吴来转移视线了！都美竹满嘴谎言，前言不搭后语，更是在一审宣判当天就迫不及待开播兴高采烈宣布她就是“受害者”！那么多录音爆出来，难道大家还要装聋做哑？你们看啊，笑得多开心？ L他比你好看多了的微博视频 收起d,今天01:53,https://weibo.com/5857222640/NtOuDhvuA?refer_flag=1001030103_,0,0,0,0,都美竹
2023-11-22 12:24:25,4971055013954062,5857222640,岁岁年年总相逢,#都美竹最新录音# //@长风IFANFANFan:#都美竹最新录音# //@油叶DL:#都美竹最新录音# //@别看了窝嫩爹:#律师解读都美竹写手爆料#,今天01:48,https://weibo.com/5857222640/NtOsRgADc?refer_flag=1001030103_,0,0,0,0,都美竹
2023-11-22 12:24:25,4971052054086049,2672481332,想要虎年更好,看懂了，意图串供好几处描写非常故意//@伤心芭呐呐:事情很简单啊，想炒作想红结果玩脱了收不了场了，吴家人报案了，只能硬着头皮说自己被害。要不然坐牢的就是自己，后来各种证据也证实了这一点，都美竹本意不想诬告，只是图钱，结果最后司法介入了，凭借舆论硬是靠一句醉酒骗大家骗到现在。,今天01:37,https://weibo.com/2672481332/NtOo5h8Y1?refer_flag=1001030103_,0,0,0,0,都美竹
2023-11-22 12:24:25,4971049881438105,5617079585,suxx885,领导们，不让都美竹这样看美色敛财还诈骗 不学无术的女人进局子 人民不服 这个世界被这样的捞女搞的乌烟脏气了 这是在中国 男女都不是好人 但是这样的女人更恶心 背后有资本帮她建议严查 什么都没有还想当网红 怎么来的金钱物质到处游玩旅游 严查该女子！不要放过 现在影响力太大了#都美竹去坐牢#,今天01:28,https://weibo.com/5617079585/NtOkA627f?refer_flag=1001030103_,1,1,0,0,都美竹
2023-11-22 12:24:25,4971046856032646,6035808260,小小k先生,#都美竹录音# 赶紧给爷si！！！！！！！,今天01:16,https://weibo.com/6035808260/NtOfHpjmK?refer_flag=1001030103_,0,0,0,0,都美竹
2023-11-22 12:24:25,4971046621151931,6035808260,小小k先生,#都美竹最新录音#广场上仍然有部分看客一副“无论都美竹再怎么样，吴也已经进去了”的看法，想法。我想说的是，这里没人提吴，咱们说的重点是都美竹，请别用吴来转移视线了！都美竹满嘴谎言，前言不搭后语，更是在一审宣判当天就迫不及待开播兴高采烈宣布她就是“受害者”！那么多录音爆出来，难道大家还要装聋做哑？你们看啊，笑得多开心？ L他比你好看多了的微博视频 收起d,今天01:15,https://weibo.com/6035808260/NtOfk4PFx?refer_flag=1001030103_,0,0,0,0,都美竹
2023-11-22 12:24:25,4971045146329129,5359987041,吧唧一个宝贝-,#都美竹写手# 对不起我想笑，网友这会儿不相信小作文了，那怎么相信都美竹的小作文啊？ 她那还是这位写手写的呢都是写手写的，选择性相信是吧？ 有时候嘴硬只会显得自己很愚蠢，写手已经多次公开忏悔道歉、并揭露自己知道的内情，写煌文时爱信等，写真相无人问津。 我也不知道写手到现在做这个事还有什么意义，也许是良心未泯吧。不然吃饱了撑着跟“大家”作对干什么呢？ 收起d,今天01:09,https://weibo.com/5359987041/NtOcWqyuJ?refer_flag=1001030103_,0,0,0,0,都美竹
2023-11-22 12:24:25,4971044168273092,5353193675,少年你是我蔚蓝的天空,#都美竹最新录音# 不懂，怎么会有人喜欢诈骗犯,今天01:05,https://weibo.com/5353193675/NtObmyIcY?refer_flag=1001030103_,0,3,0,0,都美竹
2023-11-22 12:24:25,4971043928148754,3462872134,S-Sull,#都美竹最新录音#真的笑死 搞的都像我国“代表”我国“特产”一样 质疑都=质疑我国jc？,今天01:04,https://weibo.com/3462872134/NtOaYybRw?refer_flag=1001030103_,0,1,0,0,都美竹
2023-11-22 12:24:25,4971043665478649,7691628724,用户7691628724,都美竹_真恶心,今天01:03,https://weibo.com/7691628724/NtOaymZfj?refer_flag=1001030103_,0,1,0,0,都美竹
2023-11-22 12:24:25,4971043577136457,7691628724,用户7691628724,都美竹_你真的挺让人恶心的,今天01:03,https://weibo.com/7691628724/NtOaptWw9?refer_flag=1001030103_,0,0,0,0,都美竹
2023-11-22 12:24:25,4971042955331347,5829252535,蓝天好久不见66,//@拽的天空:#都美竹最新录音# //@长风IFANFANFan:#都美竹最新录音# //@step_soulmate:#都美竹最新录音# 太坏了这个人,今天01:01,https://weibo.com/5829252535/NtO9pmmVt?refer_flag=1001030103_,0,1,0,0,都美竹
2023-11-22 12:24:25,4971042833435508,5829252535,蓝天好久不见66,#都美竹最新录音# 都美竹当天直播说：李恩刘美丽她们总是造谣我不是案子的受害人，现在我已经拿到判决书了，我确实是案子的受害人，我可以拿着判决书回老家告李恩刘美丽了 Ps ：李恩刘美丽是当时为都美竹发声的姐姐和闺蜜，三个人都是一个老家的 都美竹是受害人就离谱啊，她怎么敢胡编乱造诬陷他人，骗了大众，骗了👮的 L刹宝宝阿的微博视频 收起d,今天01:00,https://weibo.com/5829252535/NtO9depJq?refer_flag=1001030103_,0,0,0,0,都美竹
2023-11-22 12:24:25,4971042427896616,5607178037,妮WM,//@吴凡之晓:#都美竹录音# //@离故某-亦十一:#都美竹写手# 把这条录音转出去，让更多人听到，都美竹是受害者，老子不服,今天00:58,https://weibo.com/5607178037/NtO8yx8gM?refer_flag=1001030103_,0,0,0,0,都美竹
2023-11-22 12:24:25,4971042246231910,3462872134,S-Sull,#都美竹最新录音#,今天00:58,https://weibo.com/3462872134/NtO8gq9cG?refer_flag=1001030103_,0,0,0,0,都美竹
2023-11-22 12:24:25,4971039789941594,5353193675,少年你是我蔚蓝的天空,#都美竹最新录音# 站队毒某的都是什么妖魔鬼怪 人家可不领你的情哦,今天00:48,https://weibo.com/5353193675/NtO4iFIgi?refer_flag=1001030103_,0,1,0,0,都美竹
2023-11-22 12:24:25,4971039546147458,6257759503,凌楚夏,都美竹最新录音 李恩爆料了都美竹的录音，还发文说，都美竹承认吴对她很好是谈恋爱，难道这是所谓的“受害者” L凌楚夏的微博视频,今天00:47,https://weibo.com/6257759503/NtO3UpNey?refer_flag=1001030103_,0,2,2,0,都美竹
2023-11-22 12:24:25,4971038741366869,1827883637,张浅潜,不是我八卦，一直觉得都美竹这些渣女都是仙人跳的因子！活活毁了一个人，做平凡人也好，不要真的呆十几年，便宜了太多坏东西，世上没有正义了就,今天00:44,https://weibo.com/1827883637/NtO2C5JAh?refer_flag=1001030103_,0,6,0,0,都美竹
2023-11-22 12:24:25,4971037603137881,6035808260,小小k先生,#都美竹录音# 真的好癫 神经病,今天00:39,https://weibo.com/6035808260/NtO0MdaiZ?refer_flag=1001030103_,0,0,0,0,都美竹
2023-11-22 12:24:25,4971035733787919,7645181103,西西里的美丽传说kw,#都美竹最新录音#我手机里和几十个男的聊天，我都和他们上chuang了？我经常饭局k歌我就是juzhongyinluan乱？ 搞一批网红爆料假的聊天记录造谣助阵，把热度抬上来造成事态的严重性，这才是他们目的！完成大众对吴是渣男的刻板印象，大家才信劣迹，骗子女都美竹啊！ chaoyang分局民警票唱，家暴，干的事不代表和chaoyang 有关，那吴助理私信网红聊天，怎么就和吴有关了？ 可笑，吴要是那啥，需要和那些女人聊天吗？聊个屁啊！直接酒店然后走人不就好了？微信都不用加 收起d,今天00:32,https://weibo.com/7645181103/NtNXLfTpt?refer_flag=1001030103_,0,3,0,0,都美竹
2023-11-22 12:24:25,4971035519615079,7645181103,西西里的美丽传说kw,#都美竹最新录音# 我手机里和几十个男的聊天，我都和他们上chuang了？我经常饭局k歌我就是juzhongyinluan乱？ 搞一批网红爆料假的聊天记录造谣助阵，把热度抬上来造成事态的严重性，这才是他们目的！完成大众对吴是渣男的刻板印象，大家才信劣迹，骗子女都美竹啊！ chaoyang分局民警干的事不代表和chaoyang 有关，那吴助理私信网红聊天，怎么就和吴有关了？ 可笑，吴要是那啥，需要和那些女人聊天吗？聊个屁啊！直接酒店然后走人不就好了？微信都不用加！ 收起d,今天00:31,https://weibo.com/7645181103/NtNXpEljV?refer_flag=1001030103_,0,1,0,0,都美竹
2023-11-22 12:24:25,4971035401392184,5082385425,_ljoanne60_,//@火锅配饭饭-:离谱#都美竹最新录音# //@拽的天空:看最右谁不说好惨 #都美竹最新录音# //@别看了窝嫩爹:#都美竹最新录音# //@皮卡丘的小哭包://@小爱不够可爱:@蓝天好久不见66 看右侧总结//@小风车嗒嗒转:图片评论 评论配图,今天00:31,https://weibo.com/5082385425/NtNXe5QaA?refer_flag=1001030103_,0,0,0,0,都美竹
2023-11-22 12:24:25,4971035325892810,5082385425,_ljoanne60_,//@长风IFANFANFan:#都美竹最新录音# 笑死了 捞女一个,今天00:30,https://weibo.com/5082385425/NtNX6oIZk?refer_flag=1001030103_,0,0,0,0,都美竹
2023-11-22 12:24:25,4971035247510037,6749326760,任嘉伦的Angela,英语  💛💛💛💛💛💛💛💛💛💛💛💛💛💛💛  💜「 The things you own, end up owing you. 你所拥有的东西最终拥有了你。 ～」 💜  💛#英语#  💛#英语流利说#  ❤️图源见图片水印❤️  💛💛💛💛💛💛💛💛💛💛💛💛💛💛💛  #都美竹最新录音# 收起d,今天00:30,https://weibo.com/6749326760/NtNWYvvHD?refer_flag=1001030103_,1,0,0,0,都美竹
2023-11-22 12:24:25,4971033851069596,5856617174,野作_,#都美竹最新录音# dmz背后到底是谁啊这就🈲言了？！,今天00:24,https://weibo.com/5856617174/NtNUJ4ufy?refer_flag=1001030103_,0,5,0,0,都美竹
2023-11-22 12:24:25,4971030922662768,2167535392,eiiiiyoo,#都美竹最新录音#这个瓜还有后续？？,今天00:13,https://weibo.com/2167535392/NtNQ0baHS?refer_flag=1001030103_,0,0,2,0,都美竹
2023-11-22 12:24:25,4971028872430462,2910028505,倩宁影视,互联网大战接力到都美竹李恩了！公主请听录音！#亿点曝光计划##给视频加buff# L倩宁影视的微博视频,今天00:05,https://weibo.com/2910028505/NtNMHach0?refer_flag=1001030103_,0,0,2,0,都美竹
2023-11-22 12:24:25,4971028838089606,6174023841,月亮是偷偷躲起来了吗,#都美竹最新录音#,今天00:04,https://weibo.com/6174023841/NtNMDxWtw?refer_flag=1001030103_,0,0,0,0,都美竹
2023-11-22 12:24:25,4971028318261916,2305796883,雪华影视,今日都美竹新录音曝光称“他对我越好，我越觉得他假'都美竹#亿点曝光计划##给视频加buff# L雪华影视的微博视频,今天00:02,https://weibo.com/2305796883/NtNLNyFiI?refer_flag=1001030103_,0,0,2,0,都美竹
2023-11-22 12:24:25,4971024941844120,5345932834,real__李华媚,//@别问了不会喜欢你:回复@山河表里潼关路i:难道她也能成为法定受害人是不能质疑的吗？吴宁愿被顶格判十三年也不愿意找都谅解，坚持打无罪，相反是都美竹主动找吴想要谅解书。加害者与受害者的行为完全相反了吧，如果看到这你还觉得我的质疑无礼，那我也不想再费口舌。,11月22日 23:49,https://weibo.com/5345932834/NtNGm7JJS?refer_flag=1001030103_,0,0,0,0,都美竹
2023-11-22 12:24:25,4971024505373502,5883940405,她的月亮丢了,#都美竹写手#清朗行动能不能把这个诈骗犯清了啊 真的不想看见她逍遥法外,11月22日 23:47,https://weibo.com/5883940405/NtNFEmxTo?refer_flag=1001030103_,0,5,0,0,都美竹
2023-11-22 12:24:25,4971024078344037,7779568945,雨轩娱你相约,曾经帮都美竹写小作文导致吴某凡坐l的写手，近日发长文向吴某凡道歉，说自己被都美竹p了。都美竹和吴某凡发生关系的当天，他就向朋友炫耀和吴某凡睡了，半年之后，都美竹就改口了，说自己被吴某凡xj了。律师解读了都美竹写手的道歉长文，表示吴某凡的p决不会因为这篇长文改变，第一，受h者不止都美竹一人，第二，不管是不是qb，只要都美竹当时是未c年，那吴某凡就有zui。 L雨轩娱你相约的微博视频 收起d,11月22日 23:46,https://weibo.com/7779568945/NtNEXz0Ff?refer_flag=1001030103_,0,11,18,0,都美竹
2023-11-22 12:24:25,4971022671417224,6969945929,酒绘桜沢,前几天吃韩安冉的瓜 今天吃都美竹的瓜 一吃就是俩小时 要是我上学能这么认真刨根问底 我现在已经到北大了。。。,11月22日 23:40,https://weibo.com/6969945929/NtNCH5WGs?refer_flag=1001030103_,0,0,0,0,都美竹
2023-11-22 12:24:25,4971022442038251,6981874139,不高兴的唐老鸭,//@他比你好看多了:这录音谁还没听过！！天呐！#都美竹写手#,11月22日 23:39,https://weibo.com/6981874139/NtNCk8yf1?refer_flag=1001030103_,0,0,0,0,都美竹
2023-11-22 12:24:25,4971020679121052,7538867085,林禾牧木,#都美竹最新录音# 这状态“受害人” 实在难以想象她的嘴脸是“受害人”,11月22日 23:32,https://weibo.com/7538867085/NtNztCgNK?refer_flag=1001030103_,0,1,0,0,都美竹
2023-11-22 12:24:25,4971020479368137,5662800555,1_饭冰冰,#都美竹录音#dmz快点进去吧 无语了,11月22日 23:31,https://weibo.com/5662800555/NtNz9Dj4Z?refer_flag=1001030103_,0,2,0,0,都美竹
2023-11-22 12:24:25,4971017747564644,6483796160,不爱聊天啊,//@与回忆过日子 ://@别看了窝嫩爹 ://@奶嘤亦凡 :#都美竹最新录音#,11月22日 23:20,https://weibo.com/6483796160/NtNuKvJUo?refer_flag=1001030103_,0,0,0,0,都美竹
2023-11-22 12:24:25,4971017625931362,7408791979,可大发了,#都美竹最新录音#都美竹陈露们更应该被判诈骗，女权不是被利用的。以后发生关系前是不是要先公证一下。,11月22日 23:20,https://weibo.com/7408791979/NtNuyoT18?refer_flag=1001030103_,0,6,0,0,都美竹
2023-11-22 12:24:25,4971017128379946,7119668162,景行止行,都美竹_ 法律制裁不了50嘟嘟🐔 那就祝她艾滋病毒早日实现,11月22日 23:18,https://weibo.com/7119668162/NtNtKza0q?refer_flag=1001030103_,0,2,0,0,都美竹
2023-11-22 12:24:25,4971016759018617,5186629717,可恶被你发现了_,#都美竹最新录音#毒妇,11月22日 23:16,https://weibo.com/5186629717/NtNt9BQ9z?refer_flag=1001030103_,0,0,0,0,都美竹
2023-11-22 12:24:25,4971016628474982,6146828779,YoURGirrrl,#都美竹最新录音#牛逼,11月22日 23:16,https://weibo.com/6146828779/NtNsWzyJg?refer_flag=1001030103_,0,0,0,0,都美竹
2023-11-22 12:24:25,4971016410371641,7119668162,景行止行,都美竹_ 裤子是自己掉的么 受害者？还好意思说人家脏，自己被人睡烂了！都🐔要是不进去，那就祝愿早日身患艾滋病！,11月22日 23:15,https://weibo.com/7119668162/NtNsB1yGd?refer_flag=1001030103_,0,0,0,0,都美竹
2023-11-22 12:24:25,4971015495226556,6126902422,kk_奶酪凡,#都美竹最新录音# 都美竹当天直播说：李恩刘美丽她们总是造谣我不是案子的受害人，现在我已经拿到判决书了，我确实是案子的受害人，我可以拿着判决书回老家告李恩刘美丽了 Ps ：李恩刘美丽是当时为都美竹发声的姐姐和闺蜜，三个人都是一个老家的 都美竹是受害人就离谱啊，她怎么敢胡编乱造诬陷他人，骗了大众，骗了👮的 L刹宝宝阿的微博视频 收起d,11月22日 23:11,https://weibo.com/6126902422/NtNr7lVFi?refer_flag=1001030103_,0,0,0,0,都美竹
2023-11-22 12:24:25,4971015429687465,6126902422,kk_奶酪凡,//@拽的天空:#都美竹最新录音# 诈骗犯凹受害者的人设//@长风IFANFANFan:#都美竹最新录音#,11月22日 23:11,https://weibo.com/6126902422/NtNr0EE9r?refer_flag=1001030103_,0,0,0,0,都美竹
2023-11-22 12:24:25,4971015416840826,6126902422,kk_奶酪凡,//@拽的天空:#都美竹最新录音# //@长风IFANFANFan:#都美竹最新录音# //@step_soulmate:#都美竹最新录音# 太坏了这个人,11月22日 23:11,https://weibo.com/6126902422/NtNqZsHBU?refer_flag=1001030103_,0,0,0,0,都美竹
2023-11-22 12:24:25,4971015396131161,6126902422,kk_奶酪凡,//@别看了窝嫩爹://@奶嘤亦凡:#都美竹最新录音#,11月22日 23:11,https://weibo.com/6126902422/NtNqXpIZH?refer_flag=1001030103_,0,0,0,0,都美竹
2023-11-22 12:24:25,4971014937379562,5503952282,和平精英沙漠区第一美女,缓过劲来了 了解到了关于吴三个案件受害者的的相关信息了 大致上和粉丝推测的大差不差 都美竹如果被gf给摘除的话 那么剩下两个受害者真的可能不成立（一个和都美竹女士一样的心理，另一个之前一直是自愿的 后面迫于舆论被逼迫改的qj）所以以此形成了三位受害者 二审不出意外 gf是不会承认自己的错误的 大概率还是维持原判 能看到的朋友心理有个数就行 收起d,11月22日 23:09,https://weibo.com/5503952282/NtNqduXLc?refer_flag=1001030103_,0,0,2,0,都美竹
2023-11-22 12:24:25,4971014938429430,6126902422,kk_奶酪凡,//@小李家好宝:#都美竹最新录音#,11月22日 23:09,https://weibo.com/6126902422/NtNqdzmSy?refer_flag=1001030103_,0,0,0,0,都美竹
2023-11-22 12:24:25,4971014842487108,6357792977,煎蛋舒白,//@缇娜是个大美女啦:都美竹直播炫耀的，她就是受害人！这样的加害者是怎么成为受害人的！,11月22日 23:09,https://weibo.com/6357792977/NtNq4ar0E?refer_flag=1001030103_,0,0,0,0,都美竹
2023-11-22 12:24:25,4971014542854839,2607711637,-早坂紫,臭麦笔的你真该死啊#都美竹#,11月22日 23:08,https://weibo.com/2607711637/NtNpAbYFN?refer_flag=1001030103_,0,8,0,0,都美竹
2023-11-22 12:24:25,4971014188172476,5938762129,杨梅树_bbb,#都美竹最新录音#哪来的🐔上我首页了,11月22日 23:06,https://weibo.com/5938762129/NtNp0yi28?refer_flag=1001030103_,0,3,0,0,都美竹
2023-11-22 12:24:25,4971014061823670,5938762129,杨梅树_bbb,#都美竹最新录音#。什么臭鱼烂虾还装上受害者了🤗你记得拿着wyf给你清空的5w的购物车一起参加二审,11月22日 23:06,https://weibo.com/5938762129/NtNoO7Eq2?refer_flag=1001030103_,0,0,0,0,都美竹
2023-11-22 12:24:25,4971013755372282,3579712081,开拖拉机去偷月亮的人儿,#都美竹最新录音#觉得这个名字出现在首页都觉得脏,11月22日 23:04,https://weibo.com/3579712081/NtNojmxzI?refer_flag=1001030103_,0,3,0,0,都美竹
2023-11-22 12:24:25,4971013636883171,1659054593,缇娜是个大美女啦,都美竹直播炫耀的，她就是受害人！这样的加害者是怎么成为受害人的！,11月22日 23:04,https://weibo.com/1659054593/NtNo7sSCT?refer_flag=1001030103_,1,2,0,0,都美竹
2023-11-22 12:24:25,4971012891870776,7645181103,西西里的美丽传说kw,#都美竹最新录音# 很简单的案子不是什么惊天迷案 吴真qj三人一开始就通报了，为什么一开始是聚众呢？因为最少3人才够10年起步，所以后面又补了个 qj3名女性。 笑死，chaoyang把吴通讯全部都请了一遍，整个地球人都被他翻个底朝天了，楞是一个受害人没找到，一审一直拖。 想判他10年没办法，这不受害人还得是都美竹和她那两个朋友。 税，明显是后手，让他无法翻身，毕竟申诉可能长大5至10年，没有经济实力是无法坚持的。 收起d,11月22日 23:01,https://weibo.com/7645181103/NtNmV7QFO?refer_flag=1001030103_,0,6,1,0,都美竹
2023-11-22 12:24:25,4971012790687983,5359987041,吧唧一个宝贝-,#都美竹最新录音# //@Minnie二哥猪:如果她不是吴案子里的受害者，她早就得进🍊了，诈骗，勒索，假口供等等一堆……但是大众一直都很疑惑为什么满嘴谎言的她会是受害者,11月22日 23:01,https://weibo.com/5359987041/NtNmL2SYv?refer_flag=1001030103_,0,0,0,0,都美竹
2023-11-22 12:24:25,4971012665639396,7645181103,西西里的美丽传说kw,#都美竹最新录音# 冰冰如果不是女的，是不是也要13年了。,11月22日 23:00,https://weibo.com/7645181103/NtNmynF40?refer_flag=1001030103_,0,2,0,0,都美竹
2023-11-22 12:24:25,4971012530897300,5506883861,Mina_沐姌,//@慕琪小柒:#都美竹写手#,11月22日 23:00,https://weibo.com/5506883861/NtNml3LqA?refer_flag=1001030103_,0,0,0,0,都美竹
2023-11-22 12:24:25,4971010882798296,3551662132,啥啥啥啊-,#都美竹最新录音# 20w？跑车轮子的钱都不够 开什么颠婆玩笑,11月22日 22:53,https://weibo.com/3551662132/NtNjGbJXO?refer_flag=1001030103_,0,0,0,0,都美竹
2023-11-22 12:24:25,4971010714503210,5359987041,吧唧一个宝贝-,#都美竹最新录音# 一审结束后，这女的在直播间一边播放着好日子，一边喜笑颜开宣称自己是一审受害者，那么，这个真的是受害者吗？？？一开始和别人说谈恋爱，后来索要800万吴方不给b了j，她立马反咬qj，后来有人参与进了这件事，(见下图)，致使事情扑朔迷离，，她信誓旦旦的说有人帮绝对不会输，这才是真正恐怖的地方↓ 最后一图是有人找李恩要给500万让她闭嘴不让爆料都美竹↓ #都美竹录音# 收起d,11月22日 22:52,https://weibo.com/5359987041/NtNjpiTuq?refer_flag=1001030103_,0,1,0,0,都美竹
2023-11-22 12:24:25,4971010442395750,5359987041,吧唧一个宝贝-,#都美竹最新录音#,11月22日 22:51,https://weibo.com/5359987041/NtNiYa3f8?refer_flag=1001030103_,0,0,0,0,都美竹
2023-11-22 12:24:25,4971010442134036,3887045590,吴不修w,//@奶嘤亦凡:#都美竹最新录音# //@别看了窝嫩爹:#都美竹最新录音# //@kk_奶酪凡://@蓝天好久不见66:#都美竹最新录音#,11月22日 22:51,https://weibo.com/3887045590/NtNiY8X9W?refer_flag=1001030103_,0,0,0,0,都美竹
2023-11-22 12:24:25,4971010281447446,1659054593,缇娜是个大美女啦,【#李恩曝都美竹曾承认和吴亦凡恋爱#】#都美竹最新录音#近日，都美竹的代笔@猫世霖 再次发文都美竹与吴亦凡事件，称自己一手打造出一个女英雄，而女英雄却干了很多不“英雄”的事。11月22日，@李恩LIEN_  曝录音称，“这段是之前lml提供的录音里的一段，那个时候没有完全听完，请允许我问一句，这里面说吴亦凡对她很好承认谈恋爱的人…难道就是所谓的‘受害者'？“。录音内疑似都美竹说，吴亦凡每月都是由其母亲发生活费，感觉吴亦凡对自己越好，越觉得他假。@白鹿视频 L白鹿视频的微博视频 收起d,11月22日 22:51,https://weibo.com/1659054593/NtNiI64xU?refer_flag=1001030103_,0,2,0,0,都美竹
2023-11-22 12:24:25,4971009455424752,1011799317,徐多金钱,#都美竹最新录音#,11月22日 22:47,https://weibo.com/1011799317/NtNhnmLe0?refer_flag=1001030103_,0,0,0,0,都美竹
2023-11-22 12:24:25,4971009310197055,3551662132,啥啥啥啊-,#都美竹最新录音# 装玉玉 假电击治疗 qzls一笔不小的费用 去整容 都🐔玩的挺花,11月22日 22:47,https://weibo.com/3551662132/NtNh90Pgj?refer_flag=1001030103_,0,1,0,0,都美竹
2023-11-22 12:24:25,4971009154225386,6280923286,你不会红温吧,#都美竹写手#你干嘛哎呦,11月22日 22:46,https://weibo.com/6280923286/NtNgThJdo?refer_flag=1001030103_,0,0,0,0,都美竹
2023-11-22 12:24:25,4971008725614695,5676206474,兰lanze,#都美竹录音#有没有一种可能，这个世界不是非黑即白的。吴有问题，都也有问题，都不是好人，并非一黑一白。,11月22日 22:44,https://weibo.com/5676206474/NtNgcnyDB?refer_flag=1001030103_,0,1,0,0,都美竹
2023-11-22 12:24:25,4971008689441051,7441225733,Hurry嘻嘻987,#都美竹最新录音# 能不能让我看到石石具焚的戏码 我真的很喜欢看所有人都被卡车撞死,11月22日 22:44,https://weibo.com/7441225733/NtNg8DC31?refer_flag=1001030103_,0,0,0,0,都美竹
2023-11-22 12:24:25,4971008647238539,6379601134,乌市杨昊,#都美竹最新录音#我每天都会坚持 放心吧 不会让大家失望 DY79900814865 这里等大家,11月22日 22:44,https://weibo.com/6379601134/NtNg4un4D?refer_flag=1001030103_,0,10,2,0,都美竹
2023-11-22 12:24:25,4971007982963921,2412887781,Cccrazy_X,都美竹什么时候被🚗撞4️⃣？,11月22日 22:42,https://weibo.com/2412887781/NtNf0cr3b?refer_flag=1001030103_,0,0,1,0,都美竹
2023-11-22 12:24:25,4971007790027701,7645181103,西西里的美丽传说kw,#都美竹最新录音# 点击治疗怎么没电死你这毒妇,11月22日 22:41,https://weibo.com/7645181103/NtNeH07cN?refer_flag=1001030103_,0,9,0,0,都美竹
2023-11-22 12:24:25,4971007619635123,3551662132,啥啥啥啊-,#都美竹最新录音# 真会捞,11月22日 22:40,https://weibo.com/3551662132/NtNepEqxd?refer_flag=1001030103_,0,3,0,0,都美竹
2023-11-22 12:24:25,4971007563533593,6319380687,小李家好宝,#都美竹最新录音#,11月22日 22:40,https://weibo.com/6319380687/NtNekePfr?refer_flag=1001030103_,1,0,0,0,都美竹
2023-11-22 12:24:25,4971006331717713,6319380687,小李家好宝,#都美竹最新录音#,11月22日 22:35,https://weibo.com/6319380687/NtNcl7cR3?refer_flag=1001030103_,0,0,0,0,都美竹
2023-11-22 12:24:25,4971006079009287,6319380687,小李家好宝,#都美竹最新录音# //@长风IFANFANFan:#都美竹最新录音# //@别看了窝嫩爹:#都美竹最新录音#,11月22日 22:34,https://weibo.com/6319380687/NtNbVBNJ5?refer_flag=1001030103_,0,0,0,0,都美竹
2023-11-22 12:24:25,4971006012687975,5647363142,芒果追星小脑婆,都美竹生图与精修图对比，差距都这么大的吗？,11月22日 22:34,https://weibo.com/5647363142/NtNbPbhgr?refer_flag=1001030103_,0,0,0,0,都美竹
2023-11-22 12:24:25,4971005853833747,6037491383,明天不能再胖了,//@三三冬:原来就是诈骗犯啊#都美竹录音#,11月22日 22:33,https://weibo.com/6037491383/NtNbzg5kD?refer_flag=1001030103_,0,0,0,0,都美竹
2023-11-22 12:24:25,4971005785148880,6048679573,悲伤马桶垫,都美竹我从来没见过像你这么坏的女的,11月22日 22:33,https://weibo.com/6048679573/NtNbslBss?refer_flag=1001030103_,0,8,2,0,都美竹
2023-11-22 12:24:25,4971005673212508,7549551224,用户7549551224,//@拽的天空:开开眼吧 #都美竹最新录音# //@油叶DL:#都美竹最新录音# //@别看了窝嫩爹:#都美竹最新录音#,11月22日 22:32,https://weibo.com/7549551224/NtNbhdtIE?refer_flag=1001030103_,0,0,0,0,都美竹
2023-11-22 12:24:25,4971005635988775,5750717811,三三冬,原来就是诈骗犯啊#都美竹录音#,11月22日 22:32,https://weibo.com/5750717811/NtNbdp7X9?refer_flag=1001030103_,1,1,0,0,都美竹
2023-11-22 12:24:25,4971005416309547,5973915500,CBX-冰雪,//@离故某-亦十一:#都美竹最新录音# 所以这才是都美竹死咬自己是受害者，她必须得是受害者，不是受害者进去的就是她//@Minnie二哥猪:如果她不是吴案子里的受害者，她早就得进🍊了，诈骗，勒索，假口供等等一堆……但是大众一直都很疑惑为什么满嘴谎言的她会是受害者,11月22日 22:31,https://weibo.com/5973915500/NtNaRqtoT?refer_flag=1001030103_,0,0,0,0,都美竹
2023-11-22 12:24:25,4971005178289819,7727868718,美帝花凌g2了没,//@DDD的车神://@暴力反对前:都和吴本来就是狗咬狗都不是啥好东西，虽然你文字煽动大但也漏洞百出，当时能都美竹说啥信啥的人属于自己嫩过头。那么你又是什么好东西吗？在这演什么聊斋啊～//@午后狂睡:乐~,11月22日 22:30,https://weibo.com/7727868718/NtNatyMyL?refer_flag=1001030103_,0,0,0,0,都美竹
2023-11-22 12:24:25,4971005061104813,5750717811,三三冬,#都美竹录音#,11月22日 22:30,https://weibo.com/5750717811/NtNai4Dpz?refer_flag=1001030103_,0,0,0,0,都美竹
2023-11-22 12:24:25,4971004918502785,7810443511,Alph06904,//@他比你好看多了:送热转 20转就行//@他比你好看多了:这录音谁还没听过！！天呐！#都美竹写手#,11月22日 22:29,https://weibo.com/7810443511/NtNa3zFXH?refer_flag=1001030103_,0,0,0,0,都美竹
2023-11-22 12:24:25,4971004792150406,6337904157,00白日梦长,#都美竹最新录音#,11月22日 22:29,https://weibo.com/6337904157/NtN9R91pY?refer_flag=1001030103_,0,0,0,0,都美竹
2023-11-22 12:24:25,4971004671036983,6605859659,谦谦综艺秀,都美竹写手发文，爆出其中内幕。看完细思极恐，这个女孩真的不简单。不太会改变吴某二审判决 国籍不影响量刑 #都美竹# #都美竹写手# L谦谦综艺秀的微博视频,11月22日 22:28,https://weibo.com/6605859659/NtN9F4lLx?refer_flag=1001030103_,0,0,0,0,都美竹
2023-11-22 12:24:25,4971004331034966,5973915500,CBX-冰雪,//@_Q1Yuanyuan:#都美竹最新录音# 都美竹就是一个从头到尾的骗子,11月22日 22:27,https://weibo.com/5973915500/NtN974lf0?refer_flag=1001030103_,0,0,0,0,都美竹
2023-11-22 12:24:25,4971003952497727,1910235891,耀寻欢终于醉了,当时我还以为都美竹是富二代呢， 我还真信了,11月22日 22:26,https://weibo.com/1910235891/NtN8vatLV?refer_flag=1001030103_,0,0,0,0,都美竹
2023-11-22 12:24:25,4971003629535935,5830684791,国民偶像每个你,#都美竹最新录音#为什么给别人禁言啊？？是怕了？哈哈哈哈,11月22日 22:24,https://weibo.com/5830684791/NtN7YE0Jp?refer_flag=1001030103_,0,0,0,0,都美竹
2023-11-22 12:24:25,4971003155319013,5638567072,兔森炎,#都美竹最新录音#13年，不是13天，他真的那么罪大恶极吗，如果是，请公布案情细节，让他死的明明白白！而不是遮遮掩掩捂嘴！但人性好可怕啊，压根没人在乎真相，只想他万劫不复狂欢，判他死刑更开心，那些人不明真相的人怎么那么恶毒,11月22日 22:22,https://weibo.com/5638567072/NtN7dmjIx?refer_flag=1001030103_,0,6,0,0,都美竹
2023-11-22 12:24:25,4971002892652235,6207931467,溏心妹,不喜欢wyf 非常讨厌都美竹非常讨厌,11月22日 22:21,https://weibo.com/6207931467/NtN6Nb7XZ?refer_flag=1001030103_,0,1,0,0,都美竹
2023-11-22 12:24:25,4971002887149058,5830684791,国民偶像每个你,#都美竹最新录音#都某真的要笑死了，都这时候了还这么多人替她说话呢，他可能都想不到自己有这么大的魅力吧,11月22日 22:21,https://weibo.com/5830684791/NtN6MtZNo?refer_flag=1001030103_,0,0,0,0,都美竹
2023-11-22 12:24:25,4971002699973721,5327577751,GuXYi,#都美竹录音#,11月22日 22:21,https://weibo.com/5327577751/NtN6tFQCt?refer_flag=1001030103_,0,0,0,0,都美竹
2023-11-22 12:24:25,4971002467715346,7200951361,向晚风诉爱,#都美竹最新录音#,11月22日 22:20,https://weibo.com/7200951361/NtN66wn74?refer_flag=1001030103_,0,0,0,0,都美竹
2023-11-22 12:24:25,4971002410306570,5638567072,兔森炎,#都美竹最新录音#正官不喜伤官见官。。。比劫再闹腾也翻不起风浪。。。一切都是徒然，官制比劫只能顺应。。。。但我相信老天爷是公平公正公开的，交给时间吧,11月22日 22:19,https://weibo.com/5638567072/NtN611hKG?refer_flag=1001030103_,0,1,0,0,都美竹
2023-11-22 12:24:25,4971002144752074,2268087995,zyr11-5,#都美竹最新录音# 这个案子别看这个来爆料，那个来爆料的，可它们曾经都有一个共同的身份，加害者，这就很奇怪了吧？可它们现在虽然揭露曝光都美竹不是好东西，说它是撒谎精，没有一句实话，但它们却不约而同的共同咬死一件事，都美竹跟吴发生过关系，奇怪吧？为什么认定这句话都美竹没骗它们？因为它们的幕后老板是同一个，不咬死这个事实进去的就是它们自己了。 收起d,11月22日 22:18,https://weibo.com/2268087995/NtN5AjWem?refer_flag=1001030103_,0,0,0,0,都美竹
2023-11-22 12:24:25,4971001902793688,2670923641,油叶DL,#都美竹最新录音# //@油叶DL:#都美竹最新录音# //@长风IFANFANFan:#都美竹最新录音# //@别看了窝嫩爹:#都美竹最新录音#,11月22日 22:17,https://weibo.com/2670923641/NtN5cbILu?refer_flag=1001030103_,1,0,0,0,都美竹
2023-11-22 12:24:25,4971001731088548,2670923641,油叶DL,#都美竹最新录音#法外狂徒都美竹,11月22日 22:17,https://weibo.com/2670923641/NtN4V4zbe?refer_flag=1001030103_,0,1,0,0,都美竹
2023-11-22 12:24:25,4971001692553741,2268087995,zyr11-5,#都美竹录音# #律师解读都美竹写手爆料#,11月22日 22:17,https://weibo.com/2268087995/NtN4RaIln?refer_flag=1001030103_,0,0,0,0,都美竹
2023-11-22 12:24:25,4971001544712432,2670923641,油叶DL,#都美竹最新录音#她为什么还逍遥法外啊,11月22日 22:16,https://weibo.com/2670923641/NtN4CjLUY?refer_flag=1001030103_,0,1,0,0,都美竹
2023-11-22 12:24:25,4971001511411886,5638567072,兔森炎,#都美竹最新录音#官制比劫，比劫真的好无力啊。。。。完全被克得死死的，正官只能顺毛撸，只能是对的，不允许质疑,11月22日 22:16,https://weibo.com/5638567072/NtN4z5Vim?refer_flag=1001030103_,0,2,0,0,都美竹
2023-11-22 12:24:25,4971001491232375,7760645340,用户7760645340,#都美竹最新录音#请问都🐔你后台资本是谁？是北京坐台的大客户嘛,11月22日 22:16,https://weibo.com/7760645340/NtN4x5aB1?refer_flag=1001030103_,0,4,0,0,都美竹
2023-11-22 12:24:25,4971001414942967,6249072737,蜜瓜乌龙猹,#都美竹最新录音##李恩# 都美竹姐妹怎么倒戈了？事情真相到底是啥啊 L蜜瓜乌龙猹的微博视频,11月22日 22:15,https://weibo.com/6249072737/NtN4pkJTh?refer_flag=1001030103_,0,0,0,0,都美竹
2023-11-22 12:24:25,4971001340761965,2670923641,油叶DL,#都美竹最新录音# 一审结束后，这女的在直播间一边播放着好日子，一边喜笑颜开宣称自己是一审受害者，那么，这个真的是受害者吗？？？一开始和别人说谈恋爱，后来索要800万吴方不给b了j，她立马反咬qj，后来有人参与进了这件事，(见下图)，致使事情扑朔迷离，，她信誓旦旦的说有人帮绝对不会输，这才是真正恐怖的地方↓ 最后一图是有人找李恩要给500万让她闭嘴不让爆料都美竹↓ #都美竹录音# 收起d,11月22日 22:15,https://weibo.com/2670923641/NtN4i3cdL?refer_flag=1001030103_,0,0,0,0,都美竹
2023-11-22 12:24:25,4971001214409278,5708056718,8__3,#都美竹最新录音# 只能说几个臭皮蛋互相演戏 集中搞死一人 6啊,11月22日 22:15,https://weibo.com/5708056718/NtN45iv3o?refer_flag=1001030103_,0,0,0,0,都美竹
2023-11-22 12:24:25,4971000999452749,2670923641,油叶DL,#都美竹最新录音#莫？ 女英雄竟是诈骗犯//@拽的天空:#都美竹最新录音# 诈骗犯凹受害者的人设//@长风IFANFANFan:#都美竹最新录音#,11月22日 22:14,https://weibo.com/2670923641/NtN3JDF5H?refer_flag=1001030103_,0,0,0,0,都美竹
2023-11-22 12:24:25,4971000638740243,2670923641,油叶DL,#都美竹最新录音# //@S-Sull:#都美竹最新录音# //@刹宝宝阿:原来这真的是都小姐本人说的，没冤枉她,11月22日 22:12,https://weibo.com/2670923641/NtN39AFJF?refer_flag=1001030103_,0,0,0,0,都美竹
2023-11-22 12:24:25,4971000422204872,2670923641,油叶DL,#都美竹最新录音#广场上仍然有部分看客一副“无论都美竹再怎么样，吴也已经进去了”的看法，想法。我想说的是，这里没人提吴，咱们说的重点是都美竹，请别用吴来转移视线了！都美竹满嘴谎言，前言不搭后语，更是在一审宣判当天就迫不及待开播兴高采烈宣布她就是“受害者”！那么多录音爆出来，难道大家还要装聋做哑？你们看啊，笑得多开心？ L他比你好看多了的微博视频 收起d,11月22日 22:12,https://weibo.com/2670923641/NtN2O9fAs?refer_flag=1001030103_,0,0,0,0,都美竹
2023-11-22 12:24:25,4971000409101360,2519559114,小婉籽织围脖,#都美竹##都美竹录音# 是非对错自行评判，主页有录音完整版，要的自取,11月22日 22:11,https://weibo.com/2519559114/NtN2MCbG8?refer_flag=1001030103_,0,3,0,0,都美竹
2023-11-22 12:24:25,4970999037822589,7378052399,西瓜爱剪辑,互联网大战接力到都美竹李恩了！公主请听录音！#娱乐# L西瓜爱剪辑的微博视频,11月22日 22:06,https://weibo.com/7378052399/NtN0zwP0N?refer_flag=1001030103_,0,0,0,0,都美竹
2023-11-22 12:24:25,4970997759087111,2268087995,zyr11-5,#都美竹录音##吴亦凡案二审择期宣判##吴亦凡不服一审提起上诉# 吴案有个特殊之处，那就是明明疑点显而易见，但是所有人都选择闭口不谈，还要堵上别人提出疑问的嘴。  比如： 2021年7月22日，朝阳警方通报都某竹是为了提升网络知名度炒作恋情，结果一审宣判当晚，她本人亲口在某音直播间承认她是判决书上的受害人。 ——为什么？不能问！问就是在质疑警察的办案能力。  2021年7月份，都某竹在个人微博向吴亦凡索要800万元，8个受害人言之凿凿。但是朝阳警方在接受心惊报采访时说都某竹从来没有联系过吴亦凡，从来没有向吴方要过钱。 ——为什么存在矛盾？不能问！问就是在给吴亦凡洗白。  2021年7月，朝阳警方通报刘某迢两头骗。如今，两年过去了，刘某迢已经早就被判了10年，但是全网不见其判决书。 ——判决书在哪？不能问！问就是在质疑法院的判决。  朝阳警方在接受心惊报采访时声称都某竹从未向吴亦凡索要钱款，但根据后续曝光的都某竹录音，都某竹存在明确的索要钱款的意图和行为。 ——怎么又对不上？不能问！问就是脑残粉不相信GJF。  都美竹作为法院钦定的QJ受害人，逢人炫耀她与吴亦凡的恋情。聊天记录我还存着。 ——为什么身为QJ受害人，却还能炫耀恋情，这是出于什么心理？不能问！问就是证据链完整，不容质疑。  诸如此类的，这两年太多太多了，我耳朵都快磨出茧子了，能不能换个新鲜的？  今天就想把所有的疑问都问干净了，看看到底能收到多少捂嘴的说辞。  1.都某竹身为QJ受害人，为何首先选择炒作恋情，而不是报警？ 2.有说法是因为吴资本雄厚，都某竹才不选择报警？那为何事发当天50个热搜位42个都是吴的？ 3.吴资本雄厚都某竹才不报警，这是否意味着说这话的人自认为警方确实会与资本勾结？如果警方是会与资本勾结的存在？那为什么不能质疑？毕竟，站在吴对立面的也有资本。 4.都某竹身为QJ受害人，为何在警方已经介入的前提下，仍然不选择报警？ 5.为何根据当时共犯的转述，有所谓北电学姐为都某竹出谋划策，炒作不成就反咬QJ？ 6.一审通报中所谓的酒后发生性关系，如何证明时酒后发生性关系？两年前的酒后性关系究竟是谁证明的？是否只有口供？还是有证人证词？证人是谁？证人有几人？证词是怎样的？ 7.人人都说警方掌握了监控才能定罪，但通报自始至终从未提过监控，如果有监控作为证据为何不能通报？没有监控是否意味着只有口供？ 8.人人都说吴案事涉未成年，但通报自始至终从未提过未成年，反观同类通报如果涉及未成年都会对年龄作出明确。所以，吴案是否没有未成年？未成年之说是否为营销号恶意造谣？ 9.四年前的聚众YL罪是如何定罪的？是否有监控？如果有监控为何不能通报？还是只有口供，因为只有口供而不能通报？ 10.人人都说吴案证据链完整，如此完整的证据链为何至今不公布？ 11.明明QJ案的判决书一抓一大把，为何一旦涉及吴案就都说QJ案涉及隐私不能公布判决书？ 12.时至今日仍有不少人以为吴进去不是因为都某竹，而是因为别的受害人。但事实是，都某竹就是受害人。这个事怎么不见有执法人员提？ 13.为何网传三名受害人之一连姓名都没有？ 14.为何吴案总能精准”踩点“不是郑州，就是XJ，要么就是唐san、黑龙江？是否有人在故意操控吴案的时间节点？ 15.为何吴案刑拘、批捕、一审开庭、一审宣判都有媒体提前接到通知，要求按照官方口径宣传。是否担心yxh自顾自讨论发现其中疑点？能否据此推演出，吴案不能讨论不允许讨论也禁不起讨论？ 16.为什么现在所有共犯人员集体反水，一口咬定吴案只有口供没有物证？ …… 以上种种，是否有人可以给我全数作答？ 如果没有人可以给我全数作答，那我究竟有没有权利问问？ 只是问问，是否就是在给他洗白？在质疑GJF？ 还是你觉得，我这些问题的答案，本身就是在给他洗白呢？ 收起d,11月22日 22:01,https://weibo.com/2268087995/NtMYvC7Yj?refer_flag=1001030103_,0,0,0,0,都美竹
2023-11-22 12:24:25,4970997405976387,7492006718,南粤kw1106,//@張暁丹777:#都美竹录音# 没有听过的都来听听这个录音，录音里的内容，太惊恐了,11月22日 22:00,https://weibo.com/7492006718/NtMXWp4Jl?refer_flag=1001030103_,0,0,0,0,都美竹
2023-11-22 12:24:25,4970997107136619,6554621921,娱你一起吃瓜,都美竹最新录音 李恩爆料了都美竹的录音，还发文说，都美竹承认吴对她很好是谈恋爱，难道这是所谓的“受害者”？ L娱你一起吃瓜的微博视频,11月22日 21:58,https://weibo.com/6554621921/NtMXstWyL?refer_flag=1001030103_,0,0,0,0,都美竹
2023-11-22 12:24:25,4970996785741875,2568291390,virgo-yyy,李佳琦11月22日直播预告#李佳琦直播# #李佳琦直播预告# 未来一步一个脚印，我这彼此梦想前进；路上偶尔风吹雨淋，也要握住你的手心。宁安如梦，白鹿，王鹤棣，张凌赫，都美竹，都美竹写手，五大变四大,11月22日 21:57,https://weibo.com/2568291390/NtMWWo5IT?refer_flag=1001030103_,0,0,0,0,都美竹
2023-11-22 12:24:25,4970996706056124,5874598146,天天话不要太多,#都美竹最新录音#,11月22日 21:57,https://weibo.com/5874598146/NtMWOpptq?refer_flag=1001030103_,0,1,0,0,都美竹
2023-11-22 12:24:25,4970996578649359,2946710752,小圆怎么这么可爱叻,李佳琦11月22日直播预告#李佳琦直播# #李佳琦直播预告# 未来一步一个脚印，我这彼此梦想前进；路上偶尔风吹雨淋，也要握住你的手心。宁安如梦，白鹿，王鹤棣，张凌赫，都美竹，都美竹写手，五大变四大,11月22日 21:56,https://weibo.com/2946710752/NtMWBAi5N?refer_flag=1001030103_,0,0,0,0,都美竹
2023-11-22 12:24:25,4970996173117010,7492006718,南粤kw1106,//@張暁丹777:#都美竹最新录音#都某本人亲口说的是受害者，没听过的，都来听听,11月22日 21:55,https://weibo.com/7492006718/NtMVXd4Sm?refer_flag=1001030103_,0,0,0,0,都美竹
2023-11-22 12:24:25,4970995945312144,7492006718,南粤kw1106,//@張暁丹777:#都美竹最新录音#就是为了💰，丑陋至极,11月22日 21:54,https://weibo.com/7492006718/NtMVAmhVK?refer_flag=1001030103_,0,0,0,0,都美竹
2023-11-22 12:24:25,4970995917265068,7492006718,南粤kw1106,#都美竹最新录音# 一审结束后，这女的在直播间一边播放着好日子，一边喜笑颜开宣称自己是一审受害者，那么，这个真的是受害者吗？？？一开始和别人说谈恋爱，后来索要800万吴方不给b了j，她立马反咬qj，后来有人参与进了这件事，(见下图)，致使事情扑朔迷离，，她信誓旦旦的说有人帮绝对不会输，这才是真正恐怖的地方↓ 最后一图是有人找李恩要给500万让她闭嘴不让爆料都美竹↓ #都美竹录音# 收起d,11月22日 21:54,https://weibo.com/7492006718/NtMVxutYw?refer_flag=1001030103_,0,0,0,0,都美竹
2023-11-22 12:24:25,4970995882397160,7492006718,南粤kw1106,#都美竹最新录音#广场上仍然有部分看客一副“无论都美竹再怎么样，吴也已经进去了”的看法，想法。我想说的是，这里没人提吴，咱们说的重点是都美竹，请别用吴来转移视线了！都美竹满嘴谎言，前言不搭后语，更是在一审宣判当天就迫不及待开播兴高采烈宣布她就是“受害者”！那么多录音爆出来，难道大家还要装聋做哑？你们看啊，笑得多开心？ L他比你好看多了的微博视频 收起d,11月22日 21:53,https://weibo.com/7492006718/NtMVua3BS?refer_flag=1001030103_,0,0,0,0,都美竹
2023-11-22 12:24:25,4970995607149602,7492006718,南粤kw1106,#都美竹最新录音#广场上仍然有部分看客一副“无论都美竹再怎么样，吴也已经进去了”的看法，想法。我想说的是，这里没人提吴，咱们说的重点是都美竹，请别用吴来转移视线了！都美竹满嘴谎言，前言不搭后语，更是在一审宣判当天就迫不及待开播兴高采烈宣布她就是“受害者”！那么多录音爆出来，难道大家还要装聋做哑？你们看啊，笑得多开心？ L他比你好看多了的微博视频 收起d,11月22日 21:52,https://weibo.com/7492006718/NtMV2tZWa?refer_flag=1001030103_,0,0,0,0,都美竹
2023-11-22 12:24:25,4970995565466973,7492006718,南粤kw1106,//@張暁丹777:#都美竹最新录音#,11月22日 21:52,https://weibo.com/7492006718/NtMUYmWcZ?refer_flag=1001030103_,0,1,0,0,都美竹
2023-11-22 12:24:25,4970995284181522,1965308654,唯有暴富可解忧啊,李佳琦11月22日直播预告#李佳琦直播# #李佳琦直播预告# 未来一步一个脚印，我这彼此梦想前进；路上偶尔风吹雨淋，也要握住你的手心。宁安如梦，白鹿，王鹤棣，张凌赫，都美竹，都美竹写手，五大变四大,11月22日 21:51,https://weibo.com/1965308654/NtMUwhxNU?refer_flag=1001030103_,0,0,0,0,都美竹
2023-11-22 12:24:25,4970995204756513,5807544839,祺祺天天都开心,李佳琦11月22日直播预告#李佳琦直播# #李佳琦直播预告# 未来一步一个脚印，我这彼此梦想前进；路上偶尔风吹雨淋，也要握住你的手心。宁安如梦，白鹿，王鹤棣，张凌赫，都美竹，都美竹写手，五大变四大,11月22日 21:51,https://weibo.com/5807544839/NtMUojXnX?refer_flag=1001030103_,0,0,0,0,都美竹
2023-11-22 12:24:25,4970995152850779,6583564038,吃糖不如吃你甜,李佳琦11月22日直播预告#李佳琦直播# #李佳琦直播预告# 未来一步一个脚印，我这彼此梦想前进；路上偶尔风吹雨淋，也要握住你的手心。宁安如梦，白鹿，王鹤棣，张凌赫，都美竹，都美竹写手，五大变四大,11月22日 21:51,https://weibo.com/6583564038/NtMUjbXCj?refer_flag=1001030103_,0,0,0,0,都美竹
2023-11-22 12:24:25,4970994850594884,7492006718,南粤kw1106,//@張暁丹777:#都美竹最新录音#都某就是涉及敲诈勒索,11月22日 21:49,https://weibo.com/7492006718/NtMTP2uKU?refer_flag=1001030103_,0,0,0,0,都美竹
2023-11-22 12:24:25,4970994490936183,7837104124,云朵是个小可爱吖呀,李佳琦11月22日直播预告#李佳琦直播# #李佳琦直播预告# 未来一步一个脚印，我这彼此梦想前进；路上偶尔风吹雨淋，也要握住你的手心。宁安如梦，白鹿，王鹤棣，张凌赫，都美竹，都美竹写手，五大变四大,11月22日 21:48,https://weibo.com/7837104124/NtMTf3VxJ?refer_flag=1001030103_,0,0,0,0,都美竹
2023-11-22 12:24:25,4970994013307004,2865331942,煎蛋总司令大人,#都美竹最新录音#,11月22日 21:46,https://weibo.com/2865331942/NtMStdSiM?refer_flag=1001030103_,0,0,0,0,都美竹
2023-11-22 12:24:25,4970993760341102,2865331942,煎蛋总司令大人,#都美竹最新录音#,11月22日 21:45,https://weibo.com/2865331942/NtMS41qJE?refer_flag=1001030103_,0,0,0,0,都美竹
2023-11-22 12:24:25,4970993169996243,5635236564,51FFFFFFF,#都美竹最新录音#卖银子害怕了卖银子害怕了，大家都发录音，让她敲诈勒索被立案,11月22日 21:43,https://weibo.com/5635236564/NtMR6FWtJ?refer_flag=1001030103_,0,2,0,0,都美竹
2023-11-22 12:24:25,4970993019261541,2629024871,一切重新开始呀a,//@与回忆过日子://@别看了窝嫩爹://@奶嘤亦凡:#都美竹最新录音#,11月22日 21:42,https://weibo.com/2629024871/NtMQRCRlH?refer_flag=1001030103_,1,0,0,0,都美竹
2023-11-22 12:24:25,4970992120107637,7224026943,霸气爱娱乐圈,都美竹最新录音 李恩爆料了都美竹的录音，还发文说，都美竹承认吴对她很好是谈恋爱，难道这是所谓的“受害者”？李恩与都美竹关系破裂后多次diss她，每次有都美竹的负面消息，李恩必发文再吐槽一遍她，闺蜜害人呀！ L霸气爱娱乐圈的微博视频,11月22日 21:39,https://weibo.com/7224026943/NtMPq0s05?refer_flag=1001030103_,0,2,3,0,都美竹
2023-11-22 12:24:25,4970991755203319,7785925956,Kraaaaaa-,#都美竹最新录音#谎话连篇，这也是受害者？可笑吧,11月22日 21:37,https://weibo.com/7785925956/NtMOPlPCv?refer_flag=1001030103_,0,0,0,0,都美竹
2023-11-22 12:24:25,4970991134443210,1463526530,知心琥珀,#都美竹最新录音# 先声明，不论是非，不论对错，只单讲命盘。  都美竹的命盘，命主星木星和余奴紫炁同络，且是刑的关系，也是典型的余奴犯主格。就是会被朋友背弃，会和亲近的人闹得很难看。  而且当前她的本命命主星正好和流年余奴紫炁同宫同络，流年的命主星与本命余奴对宫相冲，且落难宫缠难宿，整个一副被克的状态。但是也不是没能量，毕竟与官星同宫同络，对宫还有太阳来照，好一场相杀不相爱的大戏啊，，斗得你死我活…… 收起d,11月22日 21:35,https://weibo.com/1463526530/NtMNPiDSG?refer_flag=1001030103_,0,2,1,0,都美竹
2023-11-22 12:24:25,4970991022508091,1878969767,贡布格列,#都美竹最新录音#一早就说过了，只有低智商的人才会觉得吴亦凡事件中的都美竹是受害者，现在都美竹离进监狱不远了才知道其实吴亦凡也是受害者之一。两个人其实都是一丘之貉，只是没有谁对不起谁而已，其实都美竹这个人是得到了针对吴亦凡的对立方资本支持而搬倒了后者。都美竹一个三观不正的人怎么可能有如此大的能量把顶流吴亦凡送进监狱？都是背后的资本写了剧本。当然，吴亦凡肯定是因为犯法才会判刑入监狱，但要知道，这事件从头到尾是没有公开的审判，这是什么意思呢？没有公开就是表明吴亦凡本人是同意这样的方式的认罪。然而，吴亦凡虽然认罪入狱，但并不是一定就是吴亦凡像网络上说的那种糟糕恶心的罪恶，他入狱很有可能是别的犯罪，而不全是都美竹。现在都美竹的罪恶渐渐浮出水面，吴亦凡应该有可能得到减刑。但不管怎样，我评价这件事是因为一早就看透了一个剧本，吴亦凡不是个合格的偶像是肯定的，因为你没有犯罪的话法庭不会无缘无故给你判刑的，而都美竹逍遥法外还卖乖那是绝不能容忍的。 贡布格列[胜利] 收起d,11月22日 21:34,https://weibo.com/1878969767/NtMNEawt5?refer_flag=1001030103_,0,1,1,0,都美竹
2023-11-22 12:24:25,4970990769542448,7611921685,用户7611921685,都美竹的前男友现在正在抖音上直播，说话特逗，笑死人了，他和都小姐以前住前后院，许多笑料，,11月22日 21:33,https://weibo.com/7611921685/NtMNeE2qs?refer_flag=1001030103_,0,2,2,0,都美竹
2023-11-22 12:24:25,4970990687228304,6542473023,与回忆过日子,//@别看了窝嫩爹://@奶嘤亦凡:#都美竹最新录音#,11月22日 21:33,https://weibo.com/6542473023/NtMN6ukpy?refer_flag=1001030103_,3,0,0,0,都美竹
2023-11-22 12:24:25,4970990276186295,5239244700,calash-,#都美竹最新录音#谎话连篇，这就是你们口中的’女英雄’，她还不进去吗？,11月22日 21:31,https://weibo.com/5239244700/NtMMrpXkX?refer_flag=1001030103_,0,2,0,0,都美竹
2023-11-22 12:24:25,4970990144591945,5384241752,K大步往明天去,#都美竹最新录音# 一审结束后，这女的在直播间一边播放着好日子，一边喜笑颜开宣称自己是一审受害者，那么，这个真的是受害者吗？？？一开始和别人说谈恋爱，后来索要800万吴方不给b了j，她立马反咬qj，后来有人参与进了这件事，(见下图)，致使事情扑朔迷离，，她信誓旦旦的说有人帮绝对不会输，这才是真正恐怖的地方↓ 最后一图是有人找李恩要给500万让她闭嘴不让爆料都美竹↓ #都美竹录音# 收起d,11月22日 21:31,https://weibo.com/5384241752/NtMMejgzD?refer_flag=1001030103_,0,0,0,0,都美竹
2023-11-22 12:24:25,4970989898173997,1862267971,我的巴掌很大hh,#都美竹最新录音# 一审结束后，这女的在直播间一边播放着好日子，一边喜笑颜开宣称自己是一审受害者，那么，这个真的是受害者吗？？？一开始和别人说谈恋爱，后来索要800万吴方不给b了j，她立马反咬qj，后来有人参与进了这件事，(见下图)，致使事情扑朔迷离，，她信誓旦旦的说有人帮绝对不会输，这才是真正恐怖的地方↓ 最后一图是有人找李恩要给500万让她闭嘴不让爆料都美竹↓ #都美竹录音# 收起d,11月22日 21:30,https://weibo.com/1862267971/NtMLPyiqF?refer_flag=1001030103_,1,0,0,0,都美竹
2023-11-22 12:24:25,4970989844169241,2568291390,virgo-yyy,李佳琦11月22日直播预告#李佳琦直播# #李佳琦直播预告# 未来一步一个脚印，我这彼此梦想前进；路上偶尔风吹雨淋，也要握住你的手心。宁安如梦，白鹿，王鹤棣，张凌赫，都美竹，都美竹写手，五大变四大,11月22日 21:29,https://weibo.com/2568291390/NtMLKhuBP?refer_flag=1001030103_,0,0,0,0,都美竹
2023-11-22 12:24:25,4970989189862361,2946710752,小圆怎么这么可爱叻,李佳琦11月22日直播预告#李佳琦直播# #李佳琦直播预告# 未来一步一个脚印，我这彼此梦想前进；路上偶尔风吹雨淋，也要握住你的手心。宁安如梦，白鹿，王鹤棣，张凌赫，都美竹，都美竹写手，五大变四大,11月22日 21:27,https://weibo.com/2946710752/NtMKGFnEl?refer_flag=1001030103_,0,0,0,0,都美竹
2023-11-22 12:24:25,4970989051708478,6598710137,阿巴阿巴5151,热搜铺满 没有未成年，都美竹是受害者之一，一个事后炫耀的受害者！ 受害者tmd有都美竹！,11月22日 21:26,https://weibo.com/6598710137/NtMKt7as6?refer_flag=1001030103_,0,14,4,0,都美竹
2023-11-22 12:24:25,4970988984599387,7289184334,娱乐来串门,★都美竹最新录音 李恩爆料了都美竹的录音，还发文说，都美竹承认吴对她很好是谈恋爱，难道这是所谓的“受害者”？李恩与都美竹关系破裂后多次diss她，每次有都美竹的负面消息，李恩必发文再吐槽一遍她 ★娱乐评论大赏 L娱乐来串门的微博视频,11月22日 21:26,https://weibo.com/7289184334/NtMKmjivF?refer_flag=1001030103_,0,3,3,0,都美竹
2023-11-22 12:24:25,4970988954980606,7727817049,鱼诗会暴富,都美竹不进去我真的很难接受,11月22日 21:26,https://weibo.com/7727817049/NtMKjkTGm?refer_flag=1001030103_,0,5,1,0,都美竹
2023-11-22 12:24:25,4970988929555549,5528962689,黑加仑小红莓,#都美竹最新录音# 捂嘴可真行🫢,11月22日 21:26,https://weibo.com/5528962689/NtMKgE5PL?refer_flag=1001030103_,0,2,0,0,都美竹
2023-11-22 12:24:25,4970988777247447,6253994397,_大金雨,#都美竹最新录音##都美竹录音# 这件事情发展至今天这一步主要原因到底在哪里？其实大家心里都清楚吧？ 一个所谓的受害者，过的比谁都开心，甚至是无法理解的笑容展现在屏幕前说明现在的生活就是她梦寐以求的，在大的受害者流量也压不住别墅，车子，普拉提工作室吧？ 收到50万很意外吗？都来听听录音吧？ 收起d,11月22日 21:25,https://weibo.com/6253994397/NtMK1upoj?refer_flag=1001030103_,0,2,0,0,都美竹
2023-11-22 12:24:25,4970988133154861,1965308654,唯有暴富可解忧啊,李佳琦11月22日直播预告#李佳琦直播# #李佳琦直播预告# 未来一步一个脚印，我这彼此梦想前进；路上偶尔风吹雨淋，也要握住你的手心。宁安如梦，白鹿，王鹤棣，张凌赫，都美竹，都美竹写手，五大变四大,11月22日 21:23,https://weibo.com/1965308654/NtMIZdeIR?refer_flag=1001030103_,0,0,0,0,都美竹
2023-11-22 12:24:25,4970988061594747,5807544839,祺祺天天都开心,李佳琦11月22日直播预告#李佳琦直播# #李佳琦直播预告# 未来一步一个脚印，我这彼此梦想前进；路上偶尔风吹雨淋，也要握住你的手心。宁安如梦，白鹿，王鹤棣，张凌赫，都美竹，都美竹写手，五大变四大,11月22日 21:22,https://weibo.com/5807544839/NtMIS6GRJ?refer_flag=1001030103_,0,0,0,0,都美竹
2023-11-22 12:24:25,4970988015453823,6583564038,吃糖不如吃你甜,李佳琦11月22日直播预告#李佳琦直播# #李佳琦直播预告# 未来一步一个脚印，我这彼此梦想前进；路上偶尔风吹雨淋，也要握住你的手心。宁安如梦，白鹿，王鹤棣，张凌赫，都美竹，都美竹写手，五大变四大,11月22日 21:22,https://weibo.com/6583564038/NtMINmSMT?refer_flag=1001030103_,0,0,0,0,都美竹
2023-11-22 12:24:25,4970988015717674,3462872134,S-Sull,#都美竹最新录音# //@刹宝宝阿:原来这真的是都小姐本人说的，没冤枉她,11月22日 21:22,https://weibo.com/3462872134/NtMINnZqy?refer_flag=1001030103_,1,1,0,0,都美竹
2023-11-22 12:24:25,4970987900635593,3307963265,rukirose龍,#都美竹最新录音#污名张桂梅，爱护都美竹。这是对全体中国女性的羞辱。,11月22日 21:22,https://weibo.com/3307963265/NtMIC2Flv?refer_flag=1001030103_,0,5,0,0,都美竹
2023-11-22 12:24:25,4970987453154735,6464220344,小叮噹的喵喵,#都美竹最新录音#张嘴就是谎话连篇 都不打草稿 真牛B 明明只见过一面 缅北确她这种人才,11月22日 21:20,https://weibo.com/6464220344/NtMHTdeGP?refer_flag=1001030103_,0,2,0,0,都美竹
2023-11-22 12:24:25,4970987315007965,1243021947,智娱至乐,#都美竹最新录音# 都美竹和这个什么李恩，不关心，都是小丑，但是这是想帮那人翻案吗？,11月22日 21:19,https://weibo.com/1243021947/NtMHFl0ND?refer_flag=1001030103_,0,0,0,0,都美竹
2023-11-22 12:24:25,4970987071474215,3122566144,卡里爱猫恰,//@离故某-亦十一:#都美竹最新录音# 这种嘴里没一句真话的，怎么被认定为受害者的,11月22日 21:18,https://weibo.com/3122566144/NtMHh6bvF?refer_flag=1001030103_,0,0,0,0,都美竹
2023-11-22 12:24:25,4970986958225826,3122566144,卡里爱猫恰,//@他比你好看多了:原来是骗子#都美竹最新录音#,11月22日 21:18,https://weibo.com/3122566144/NtMH5yvUC?refer_flag=1001030103_,0,0,0,0,都美竹
2023-11-22 12:24:25,4970986941711237,7837104124,云朵是个小可爱吖呀,李佳琦11月22日直播预告#李佳琦直播# #李佳琦直播预告# 未来一步一个脚印，我这彼此梦想前进；路上偶尔风吹雨淋，也要握住你的手心。宁安如梦，白鹿，王鹤棣，张凌赫，都美竹，都美竹写手，五大变四大,11月22日 21:18,https://weibo.com/7837104124/NtMH47baB?refer_flag=1001030103_,0,0,0,0,都美竹
2023-11-22 12:24:25,4970986816143952,7353268429,小汤在路上啊,烂透了的人，还需要去用善良站在对方的角度替他辩解体谅？那根本不需要本来就是需要被自然法则淘汰的人，喜欢赚快钱，好吃懒做，没有一点好的地方，就几乎都是那种天生坏种，比如都美竹，强行霸占用年轻女孩子的摆摊男的，不值得同情可怜，不值得尊重，所以他们都是本身就是天生坏种，人人喊打，不会改变也不会悔改的，那如果还站在对方替对方解脱，那是不尊重自己不爱惜自己的善良，那不纯纯蠢货么，对于这种人就狠狠的制裁，最好的方式是让他感受到作恶代价，更不必有太多的是非感了，能做成事的人都是心狠的人，追求最极致的效率就完事了，而且人只是人而已少了谁地球照常运转，更不需要体谅那个体谅这个，让善良变得廉价，如果都走捷径那那些吃了很多苦才得到成功的人凭什么，这个世界就是这样，优胜劣汰，就不需要同情他们，把善良用到该用的地方，有价值才行不要肆意挥霍，这才是有智慧的人，心狠能干大事的人的特性品质，从来不会因为这等小事左顾右盼胡思乱想，把宝贵的时间用在毫无意义的地方，那太蠢了，这样的人格局太小，眼界不会开阔，做不成什么事，所以之前犯过类似的蠢事，那以后不必再犯就可以了，因为人都是会变的就内心有这种意向的人的心态，就会从内而外散发出能办大事的人的气质，松弛不纠结，杀伐果从不会纠结于内耗虚无缥缈根本无用处的事情上面 干什么事都会很自信，有魄力，有勇气，像是一个冒险者心态，但又拥有智慧不会莽撞有相对于更稳妥的心态，作为一个男人雄性领袖类型，更不要像那群女人一样天天纠结来纠结去，内耗，婆婆妈妈，一点事都禁不住如果男人这样那也太low逼了，要做就做杀伐果断的雄性领袖心态气质的人，人都是会变的，意向的作用，比如拼命靠毅力魄力坚持完这最后一个月的备考，完成任务，顺利考上就跟喝水吃饭一样简单通常，完了之后就靠着自己的毅力魄力勇气，自律去完成后面的减肥，各种代办事项，像个有社会思维进入社会的人的雄性领袖男人一样的心态魄力强大内心心态，什么都敢干敢尝试不在意别人的看法眼光，不间断性有激情释放催产素，现代男人被家庭惯的很舒服就诞生很多遇到一点挫折困难就畏难情绪，不自律放弃之类，所以他们这些男性相当于把门槛降低了，所以就算有一点雄性领袖气质的心态魄力都足够了碾压他们了，他们这类人遇到一点困难挫折，就像上面说的有勇气，不小家子气怕这个怕那个，纠纠结结，犹犹豫豫，干事业干实事得像白手起家从台湾回来底层做起来的那个超人母婴行业那个老板一样的魄力气质，这些都是吃过苦挺过来的，就像幸福之家的人他们为什么出了那么多特种部队，冠军之类的人，就是因为他们练就出来了抗挫折苦难的品质，如果他们遇到一定机遇在成长的过程中形成了雄性领袖有魄力格局大那种男人的心态，再加上历练出的客服苦难不畏难的强大内心，他们未来不可能会差，增强了自己的自信，或者天生性格就是强者，而这种男人是最吸引女人的胸型领袖心态气质的可以依靠的男人心态，而不是巨婴遇到挫折一点小事，纠结纠结甚至还能抑郁，太low逼，只要开了智人生就都会变得很通畅！什么是科学的物质的世界规则，这就是！心理学上的以这种心态过自己人生的人，在事业上很大几率都会成功，有智慧，有魄力，有不乏细节小节，这样的人甚至都是老一代上层打拼出来的最顶层人士的心态老一辈gj领导人级别的人，这也是甚至他们有的道德底线底，还有很多不良嗜好，甚至做过坏事，为了自己的利益不择手段后面还成功，这就是这种心态加持下每一步的选择所以过得很舒服，但走到一定阶层，那些什么事根本不值一提，还是会舒服过一生，到一定阶层更好地处理自己的欲望，包括各种价值观如何过自己的剩下人生，都是顺其自然，有欲望处理欲望需求，实现快乐，就这么简单，脑子里只有如何让自己过得更舒服从不想些有的没的甚至内耗自己事情，后代还会有更多更好的资源也会过得很舒服 做过坏事之类，也不耽误他一生过的舒服精彩 体验了很多不留遗憾，这一世没白来甚至在历史上留下浓墨重彩的一笔。所以要吸收这些对于自己能从内而外的改变自己心态智慧策略这是自己要存留的意向就够了，自己也就需要这些再结合自己自身就能实现一个最好的自己，独一无二的自己，来这个世界就是体验尽可能没体验过的只停留在主观想象印象中没付诸实践的事务，有很多人都问人活这一生为什么活活的是为什么，这就是人生生来最大的意义，比如有些人比如父母那一辈70后都是为子女而活可能也是他们人生的意义吧，为自己打理好一切活完也就结束也不会留遗憾，自己很不理解的，但是人与人就是不同，不能强求不能改变，那就随她去尊重，因为这样也很有可能是一件很有意义成就感的事，因为不能拿自己的价值观人生观投射强加到除了自己以外的人身上，因为每一个人都是一个个体，没有心连心相通就算在相似懂对方，也是感受不到自己是切实体会不到对方的感觉的，所以，幸福完美快乐过好自己认为的美好的人生观的一生就好所以什么是科学的物质的世界，这就是！更不会有什么牛鬼神蛇。 收起d,11月22日 21:17,https://weibo.com/7353268429/NtMGRpMk0?refer_flag=1001030103_,0,0,0,0,都美竹
2023-11-22 12:24:25,4970986810120625,1744867214,蘸点软妹酱VK,#都美竹最新录音#真特么恶心他妈给恶心开门，恶心到家了，说真话的@李恩LIEN_ 被禁言，被无数未成年效仿qzls的卖女真的是宠儿！,11月22日 21:17,https://weibo.com/1744867214/NtMGR0vnz?refer_flag=1001030103_,0,2,0,0,都美竹
2023-11-22 12:24:25,4970986744581563,7336600286,发疯一地儿,都美竹还有人洗也是没想到 犯不犯法咱不知道 但显然也不是什么好鸟啊,11月22日 21:17,https://weibo.com/7336600286/NtMGKjdSb?refer_flag=1001030103_,0,2,3,0,都美竹
2023-11-22 12:24:25,4970986608791473,3202489122,小羊睡不醒y-,#都美竹最新录音#够了 都美竹能不能滚啊 真的神他妈烦她 当初自己到底藏了啥心眼自己心里没数吗 人都已经坐牢了还他妈不依不饶炒冷饭 神他妈有病 要是嘴贱犯法你得被判无期吧 真的不想再看到这个女人 道德败坏 封杀吧谢谢看见一次恶心一次,11月22日 21:17,https://weibo.com/3202489122/NtMGwAT3X?refer_flag=1001030103_,0,11,4,0,都美竹
2023-11-22 12:24:25,4970986585197497,3122566144,卡里爱猫恰,//@楽亦粒:#都美竹录音#,11月22日 21:17,https://weibo.com/3122566144/NtMGulO6B?refer_flag=1001030103_,0,0,0,0,都美竹
2023-11-22 12:24:25,4970986524904345,5770758960,_芝士糯糯_,#都美竹最新录音#,11月22日 21:16,https://weibo.com/5770758960/NtMGokzQl?refer_flag=1001030103_,0,0,0,0,都美竹
2023-11-22 12:24:25,4970986363164608,5770758960,_芝士糯糯_,#都美竹最新录音#,11月22日 21:16,https://weibo.com/5770758960/NtMG8dhg4?refer_flag=1001030103_,0,0,0,0,都美竹
2023-11-22 12:24:25,4970986321216976,2313002885,娱旅君,都美竹生图对比，啊？差别那么大吗,11月22日 21:15,https://weibo.com/2313002885/NtMG456AE?refer_flag=1001030103_,33,34,33,0,都美竹
2023-11-22 12:24:25,4970986279279327,5770758960,_芝士糯糯_,#都美竹最新录音# 太多证据证明都美竹不可能是受害者了，然而她极有可能就是吴亦凡案件里的三个“受害者”之一。如果都美竹不是受害者却成了事实上的受害者，吴亦凡因此被判冤不冤不是明摆的吗？为什么还有人说都美竹有问题也不代表吴亦凡无罪？（另外两个“受害者”都美竹自己透露的是她的姐妹） 警方调查几年最后通报是一个月里酒后qj三个女性，加jzyl。法院都判决了，涉及判决年限的所有罪都会列出来，不可能还存在其他什么更大的警方没通报的事情。 收起d,11月22日 21:15,https://weibo.com/5770758960/NtMFZCVYz?refer_flag=1001030103_,0,0,0,0,都美竹
2023-11-22 12:24:25,4970986173634843,5770758960,_芝士糯糯_,#都美竹最新录音#,11月22日 21:15,https://weibo.com/5770758960/NtMFPffAv?refer_flag=1001030103_,0,0,0,0,都美竹
2023-11-22 12:24:25,4970985686045778,3462872134,S-Sull,#都美竹最新录音# 妄想证真可怕,11月22日 21:13,https://weibo.com/3462872134/NtMF2pmMy?refer_flag=1001030103_,0,1,0,0,都美竹
2023-11-22 12:24:25,4970985376976957,1966245651,咖啡神油,#律师解读都美竹写手爆料#  都美竹：他对我越好 ，我就越觉得他越渣 ↓  #都美竹最新录音# L咖啡神油的微博视频,11月22日 21:12,https://weibo.com/1966245651/NtMExth1z?refer_flag=1001030103_,0,0,0,0,都美竹
2023-11-22 12:24:25,4970984718729443,7651389286,阳光上进健康优秀有钱的小女孩,好一个当初的女英雄 这嘴脸#都美竹录音# #都美竹最新录音#,11月22日 21:09,https://weibo.com/7651389286/NtMDtACVt?refer_flag=1001030103_,0,0,0,0,都美竹
2023-11-22 12:24:25,4970984630649632,1966245651,咖啡神油,#律师解读都美竹写手爆料#  一个加害者是怎么摇身一变成受害者的 ？  #都美竹最新录音# L咖啡神油的微博视频,11月22日 21:09,https://weibo.com/1966245651/NtMDl2IZW?refer_flag=1001030103_,0,0,0,0,都美竹
2023-11-22 12:24:25,4970984624882210,5770758960,_芝士糯糯_,#都美竹最新录音#,11月22日 21:09,https://weibo.com/5770758960/NtMDkku5k?refer_flag=1001030103_,0,0,0,0,都美竹
2023-11-22 12:24:25,4970984315818825,7651389286,阳光上进健康优秀有钱的小女孩,我靠 好炸裂一女的#都美竹录音#,11月22日 21:08,https://weibo.com/7651389286/NtMCPopK1?refer_flag=1001030103_,0,0,0,0,都美竹
2023-11-22 12:24:25,4970984211221739,7520785132,法师甜er,#律师解读都美竹写手爆料#我国的法治教育任重而道远,11月22日 21:07,https://weibo.com/7520785132/NtMCF57Pt?refer_flag=1001030103_,0,0,0,0,都美竹
2023-11-22 12:24:25,4970984063114748,5834456914,三铜钱先生,吴亦凡的命里来看，他确实是不想给钱，说钱都在母亲那就是谎话，哪怕钱真得在他母亲那，只要他开口要钱，不管要几百几千万，他的母亲一定会给的，他的母亲蛮迁就他的。命弱的男女都非常惧怕七杀流年，如果七杀再带桃花劫的话，直接要你老命。而且那一年2021年吴亦凡还犯太岁，多重因素直接把他连根拔起。 #盗取天机# #都美竹最新录音# 三铜钱佛教语录 收起d,11月22日 21:07,https://weibo.com/5834456914/NtMCqd4hS?refer_flag=1001030103_,2,6,2,0,都美竹
2023-11-22 12:24:25,4970983808308934,1147703514,潘幸知-幸知在线,发布了头条文章：《把吴亦凡送进监狱的都美竹反水了？闺蜜爆夜总会被包养，记录曝光》 O把吴亦凡送进监狱的都美竹反水了？闺蜜爆夜总会被包养，记录曝光,11月22日 21:05,https://weibo.com/1147703514/NtMC0yRx4?refer_flag=1001030103_,0,0,0,0,都美竹
2023-11-22 12:24:25,4970983720752482,3122566144,卡里爱猫恰,//@火锅配饭饭-:#都美竹最新录音# //@别看了窝嫩爹:#都美竹最新录音# //@长风IFANFANFan:#都美竹最新录音# 笑死了 捞女一个,11月22日 21:05,https://weibo.com/3122566144/NtMBS39KO?refer_flag=1001030103_,0,0,0,0,都美竹
2023-11-22 12:24:25,4970983586268737,3122566144,卡里爱猫恰,//@火锅配饭饭-:#都美竹最新录音# //@蓝天好久不见66:#都美竹最新录音#,11月22日 21:05,https://weibo.com/3122566144/NtMBEqiMF?refer_flag=1001030103_,0,0,0,0,都美竹
2023-11-22 12:24:25,4970983565301729,1966245651,咖啡神油,#律师解读都美竹写手爆料#  李恩LIEN：不多说懂得都懂 2021年7.12日  #都美竹最新录音# L咖啡神油的微博视频,11月22日 21:05,https://weibo.com/1966245651/NtMBCmfdL?refer_flag=1001030103_,0,0,0,0,都美竹
2023-11-22 12:24:25,4970983435276660,3122566144,卡里爱猫恰,//@火锅配饭饭-:离谱#都美竹最新录音# //@拽的天空:看最右谁不说好惨 #都美竹最新录音# //@别看了窝嫩爹:#都美竹最新录音# //@皮卡丘的小哭包://@小爱不够可爱:@蓝天好久不见66 看右侧总结//@小风车嗒嗒转:图片评论 评论配图,11月22日 21:04,https://weibo.com/3122566144/NtMBpm8Hq?refer_flag=1001030103_,0,0,0,0,都美竹
2023-11-22 12:24:25,4970983309183622,6183820664,化妆看老白,#微博变美手册# #都美竹# #都美竹最新录音# 都美竹生图对比，啊？差别那么大吗？这真的是一个人吗？每次这个妹子上热搜，我就想到了吴,11月22日 21:04,https://weibo.com/6183820664/NtMBcCx4W?refer_flag=1001030103_,0,1,1,0,都美竹
2023-11-22 12:24:25,4970983195678820,3122566144,卡里爱猫恰,//@离故某-亦十一:#都美竹最新录音# 所以这才是都美竹死咬自己是受害者，她必须得是受害者，不是受害者进去的就是她//@Minnie二哥猪:如果她不是吴案子里的受害者，她早就得进🍊了，诈骗，勒索，假口供等等一堆……但是大众一直都很疑惑为什么满嘴谎言的她会是受害者,11月22日 21:03,https://weibo.com/3122566144/NtMB1nPjS?refer_flag=1001030103_,0,0,0,0,都美竹
2023-11-22 12:24:25,4970975952635363,1157413740,一騳千囍,娱乐圈 【#李恩曝都美竹曾承认和吴亦凡恋爱#】#都美竹最新录音#近日，都美竹的代笔@猫世霖 再次发文都美竹与吴亦凡事件，称自己一手打造出一个女英雄，而女英雄却干了很多不“英雄”的事。11月22日，@李恩LIEN_  曝录音称，“这段是之前lml提供的录音里的一段，那个时候没有完全听完，请允许我问一句，这里面说吴亦凡对她很好承认谈恋爱的人…难道就是所谓的‘受害者'？“。录音内疑似都美竹说，吴亦凡每月都是由其母亲发生活费，感觉吴亦凡对自己越好，越觉得他假。@白鹿视频 L白鹿视频的微博视频 收起d,11月22日 20:34,https://weibo.com/1157413740/NtMplb3zR?refer_flag=1001030103_,0,2,0,0,都美竹
2023-11-22 12:24:25,4970973606448298,7166773904,薄荷之夏浅浅绿,#都美竹最新录音# 这女的太恐怖了，都美竹谎话连篇漏洞百出的口供还是被定为法定受害人之一就只有一种可能，这三名受害人是连在一起的，如果摘除都美竹其他两个也不成立（因为看到有人说三个受害者都只有口供没有任何实质性的证据），所以不管多少证据证明她嘴里没一句实话吴的罪名还是坐实了（只是个人根据看到网上的都美竹爆料分析一下） 收起d,11月22日 20:25,https://weibo.com/7166773904/NtMlyr3uO?refer_flag=1001030103_,0,1,0,0,都美竹
2023-11-22 12:24:25,4970971165622349,1879490867,想每天躺着收租,#都美竹最新录音#所以现在的情况就是 都美竹毕竟是我们捧起来的女英雄，想想曾经众网友一起把吴姓艺人拉下神坛的壮举，那场面，真是锣鼓喧天，热闹非凡，百年难得一遇，现在你们开始质疑我们的女英雄是个诈骗犯？难道我们当初把她捧起来的时候不知道她那些破事吗？她诈骗又怎么了？从一开始又动机不纯怎么了？是谁在质疑众人的眼光跟脑子？一件事，一个人说他是错的不要紧，一百个人说他是错的就是错的！今天，都美竹就是srfh那她也是个英雄！ 收起d,11月22日 20:15,https://weibo.com/1879490867/NtMhCnAD3?refer_flag=1001030103_,0,0,0,0,都美竹
2023-11-22 12:24:25,4970964124698657,5794032761,5794032761_507,前两天，都美竹曾经的写手在微博发了一篇长文，详细的还原了他这两年的心路历程，在文中他表露出了深深的惭愧之意。 都美竹的迅速爆红，可以说是典型的“风口上的猪都能飞”。 2021年6月，她自曝遭受暴力的消息，但没啥人关注热度很低。然后到7月，她自曝被强奸，小作文一经发出，各路女权纷纷为其发声，  高举女权旗帜为她呐喊助威。在短短的几天时间里，都美竹的粉丝量竟涨了400万。 但是，随着时间推移，事情也发生了变化，写手和一众姐妹们纷纷倒戈。批量诉讼更是招来骂声一片，其人设迅速崩塌。 然而在这位写手的评论区下，仙女们集体暴跳如雷，明明她们之前把都美竹说成是女权代表和女性骄傲，  现在这位写手在表达对女权不满后，她们就开始说将都美竹与女权混为一谈是在污名化女权。 然而更搞笑的是，在这位写手的评论区，她们指责别人是在写小作文，更是要求提供证据。  网友评论：  都美竹不是被她的闺蜜扒皮了吗 她和闺蜜合伙敲诈吴亦凡，事后都美竹影响力大涨，和闺蜜分赃不均，闺蜜就把杜都美竹的老底爆了。老底一爆，都美竹的影响力急剧下滑。现在都美竹说什么都没有人相信。 收起d,11月22日 19:47,https://weibo.com/5794032761/NtM6gjIkN?refer_flag=1001030103_,0,2,0,0,都美竹
2023-11-22 12:24:25,4970962672158475,2460723584,热门话题探究,#都美竹最新录音#她是以炒作走红为目的爆料，把和明星谈过当炒作资本 她早就计划好了啊,11月22日 19:42,https://weibo.com/2460723584/NtM3V93w7?refer_flag=1001030103_,0,0,0,0,都美竹
2023-11-22 12:24:25,4970962646731738,5072111178,暂时没想好zzzzzz,#都美竹最新录音# 法外狂徒都女士又在疯狂举报了？ 她背后到底是什么人啊？！  一个录音就把人禁言了，事实都不让说了吗？不理解,11月22日 19:41,https://weibo.com/5072111178/NtM3Ssfeq?refer_flag=1001030103_,0,11,1,0,都美竹
2023-11-22 12:24:25,4970962551571285,2545226175,扒圈客,#都美竹最新录音#谁能证明一下，这个录音不是剪辑的？？？,11月22日 19:41,https://weibo.com/2545226175/NtM3J6ALj?refer_flag=1001030103_,0,1,0,0,都美竹
2023-11-22 12:24:25,4970962526669359,1659928803,娱扒光,#都美竹最新录音#啥时隔这么久你才放出来呀，我早就说她不是啥好人，没人信我，还说我是吴亦凡唯粉,11月22日 19:41,https://weibo.com/1659928803/NtM3GrZ0j?refer_flag=1001030103_,0,6,1,0,都美竹
2023-11-22 12:24:25,4970962504124539,1659928803,娱扒光,#都美竹最新录音#都美竹那个时候，捞女这一词还没流行。不论wyf如何，都可以名正言顺的封都美竹一个“捞女始祖”,11月22日 19:41,https://weibo.com/1659928803/NtM3EhiYP?refer_flag=1001030103_,0,2,1,0,都美竹
2023-11-22 12:24:25,4970962480273805,1312419972,娱乐圈探班,#都美竹最新录音#都什么乱七八糟肚子里没东西的人，好好读点书！,11月22日 19:41,https://weibo.com/1312419972/NtM3C19ed?refer_flag=1001030103_,0,0,0,0,都美竹
2023-11-22 12:24:25,4970962441472198,2922833295,搞笑视频绘,#都美竹最新录音#菜菜太给力了这个语音很久了。终于有一天上热搜了,11月22日 19:41,https://weibo.com/2922833295/NtM3y6aZ8?refer_flag=1001030103_,0,0,0,0,都美竹
2023-11-22 12:24:25,4970962169891700,5995934496,耶耶耶耶一,#都美竹最新录音#,11月22日 19:40,https://weibo.com/5995934496/NtM36Fvhy?refer_flag=1001030103_,0,0,0,0,都美竹
2023-11-22 12:24:25,4970961992681359,2438868900,王小白白白白白白又白,#都美竹写手#当你们拿着别人的下体口嗨时候，你们一个个就是刽子手！你们给他起过最下流的绰号，骂过他最难听的词，你们动手的没动手的都一样，你们比石头还冷漠，你们又恶毒又愚蠢，你们胆小怕事，别人做什么你就跟着做什么，你们巴不‬得‬这个世界上多死一个人，因为你们日子真的无聊，因为你们觉得自己不会承担任何后果！ 收起d,11月22日 19:39,https://weibo.com/2438868900/NtM2PbfxJ?refer_flag=1001030103_,0,1,0,0,都美竹
2023-11-22 12:24:25,4970961732379576,7753812853,angleaLily-,笑死了 天天薛定谔的女权，几年前都美竹是女战神！唯一一个女战神，现在都美竹是🐔，一群人真搞笑。,11月22日 19:38,https://weibo.com/7753812853/NtM2p9Z2g?refer_flag=1001030103_,0,0,0,0,都美竹
2023-11-22 12:24:25,4970961539437462,5234835782,星综有娱老鬼,#都美竹最新录音#让人说实话，天不会塌下来。请多方关注。,11月22日 19:37,https://weibo.com/5234835782/NtM25DB78?refer_flag=1001030103_,0,8,0,0,都美竹
2023-11-22 12:24:25,4970961528165021,3771752293,娱圈逍遥追爱豆,#都美竹最新录音#本身就是这样，男的不管什么情况，只要女的咬你一嘴，这事就基本跑不了了,11月22日 19:37,https://weibo.com/3771752293/NtM24yg5T?refer_flag=1001030103_,0,7,1,0,都美竹
2023-11-22 12:24:25,4970961515577659,3802631663,娱乐剧综大咖,#都美竹最新录音#名字带美的都不吉利啊，郭美美都美竹,11月22日 19:37,https://weibo.com/3802631663/NtM23np0f?refer_flag=1001030103_,0,0,0,0,都美竹
2023-11-22 12:24:25,4970961489101907,6939682601,饭圈老祖,#都美竹最新录音#当初好的跟一个人似的，这是怎么了？,11月22日 19:37,https://weibo.com/6939682601/NtM20CbOX?refer_flag=1001030103_,0,0,0,0,都美竹
2023-11-22 12:24:25,4970961427759616,3767592103,钟爱综艺影视,#都美竹最新录音#我不明白为啥把都美竹判为受害者，谁能告诉我这个世界怎么了,11月22日 19:37,https://weibo.com/3767592103/NtM1UwyD6?refer_flag=1001030103_,0,2,0,0,都美竹
2023-11-22 12:24:25,4970961385554896,6939682860,琅环娱地,#都美竹最新录音#都不是什么好货，全都是在意李恩的,11月22日 19:36,https://weibo.com/6939682860/NtM1Qnj56?refer_flag=1001030103_,0,0,0,0,都美竹
2023-11-22 12:24:25,4970961354886950,5825912616,芒果剧透王,#都美竹最新录音#发录音出那有能怎么办。都美竹有事的话早进去了。,11月22日 19:36,https://weibo.com/5825912616/NtM1NkvjM?refer_flag=1001030103_,0,0,0,0,都美竹
2023-11-22 12:24:25,4970961289088330,6432478472,乔诗月,#都美竹最新录音#录音听完了，挺好 ，挺正常一小姑娘的。拎的清。就是以后别碰到这种事了。一般人，见到二十万 估计都不能明辨是非了,11月22日 19:36,https://weibo.com/6432478472/NtM1GC8hY?refer_flag=1001030103_,0,1,1,0,都美竹
2023-11-22 12:24:25,4970961284891531,5018868337,叫我掌柜好了,李恩放出都美竹最新录音，怎么听着她没那么简单啊！#都美竹 李恩# L叫我掌柜好了的微博视频,11月22日 19:36,https://weibo.com/5018868337/NtM1GkwvF?refer_flag=1001030103_,0,0,2,0,都美竹
2023-11-22 12:24:25,4970961264182157,1938794160,群演老阿姨,#都美竹最新录音#吴肯定不是好东西 但是都绝对不是好鸟,11月22日 19:36,https://weibo.com/1938794160/NtM1EhxY9?refer_flag=1001030103_,0,3,0,0,都美竹
2023-11-22 12:24:25,4970961225124155,6939685056,芒果捞八倍镜追剧,#都美竹最新录音#没有仇都不相信，这女人太坏了,11月22日 19:36,https://weibo.com/6939685056/NtM1Alv1F?refer_flag=1001030103_,0,1,0,0,都美竹
2023-11-22 12:24:25,4970961201008453,2262420583,娜娜娜娜子小姐,#都美竹最新录音#能把这个狠女人送进去吗？,11月22日 19:36,https://weibo.com/2262420583/NtM1y4eln?refer_flag=1001030103_,0,2,0,0,都美竹
2023-11-22 12:24:25,4970961146740893,6939684705,娱综大叔,#都美竹最新录音#她说我的男朋友,11月22日 19:35,https://weibo.com/6939684705/NtM1sshC5?refer_flag=1001030103_,0,0,0,0,都美竹
2023-11-22 12:24:25,4970961111877348,6235363489,娱内姥姥,#都美竹最新录音#以后谁敢跟她交朋友，聊天都要录音,11月22日 19:35,https://weibo.com/6235363489/NtM1p7SnO?refer_flag=1001030103_,0,1,0,0,都美竹
2023-11-22 12:24:25,4970961044510084,6097971803,7月4号今日晴,#都美竹最新录音#说wyf就能说 说都美竹的坏事说不得？？？？都是什么二极管？？？？#都美竹写手#,11月22日 19:35,https://weibo.com/6097971803/NtM1iiVhi?refer_flag=1001030103_,0,22,4,0,都美竹
2023-11-22 12:24:25,4970960965864122,5460629168,一片盛大的记忆,//@离故某-亦十一:#都美竹最新录音# 所以这才是都美竹死咬自己是受害者，她必须得是受害者，不是受害者进去的就是她//@Minnie二哥猪:如果她不是吴案子里的受害者，她早就得进🍊了，诈骗，勒索，假口供等等一堆……但是大众一直都很疑惑为什么满嘴谎言的她会是受害者,11月22日 19:35,https://weibo.com/5460629168/NtM1aoBwC?refer_flag=1001030103_,0,0,0,0,都美竹
2023-11-22 12:24:25,4970960960883299,7779622335,顾盼only_,“小人得志”的具像化表现#都美竹最新录音#,11月22日 19:35,https://weibo.com/7779622335/NtM1a3HML?refer_flag=1001030103_,0,0,0,0,都美竹
2023-11-22 12:24:25,4970960822209561,1957219910,酱紫豆瓣王,#都美竹最新录音#一个巴掌拍不响，俩臭货一拍而合,11月22日 19:34,https://weibo.com/1957219910/NtM0W9gO5?refer_flag=1001030103_,0,0,0,0,都美竹
2023-11-22 12:24:25,4970960546432143,3752723615,别看了窝嫩爹,//@奶嘤亦凡:#都美竹最新录音#,11月22日 19:33,https://weibo.com/3752723615/NtM0uqZif?refer_flag=1001030103_,6,2,0,0,都美竹
2023-11-22 12:24:25,4970960463334383,1965308654,唯有暴富可解忧啊,李佳琦11月22日直播预告#李佳琦直播# #李佳琦直播预告# 未来一步一个脚印，我这彼此梦想前进；路上偶尔风吹雨淋，也要握住你的手心。宁安如梦，白鹿，王鹤棣，张凌赫，都美竹，都美竹写手，五大变四大,11月22日 19:33,https://weibo.com/1965308654/NtM0mdZqn?refer_flag=1001030103_,0,0,0,0,都美竹
2023-11-22 12:24:25,4970960402782051,2619958532,厚土小姐姐,#都美竹最新录音# 不知道如何评价此音频了 L厚土小姐姐的微博视频,11月22日 19:32,https://weibo.com/2619958532/NtM0gbFJN?refer_flag=1001030103_,0,10,2,0,都美竹
2023-11-22 12:24:25,4970960377610784,5807544839,祺祺天天都开心,李佳琦11月22日直播预告#李佳琦直播# #李佳琦直播预告# 未来一步一个脚印，我这彼此梦想前进；路上偶尔风吹雨淋，也要握住你的手心。宁安如梦，白鹿，王鹤棣，张凌赫，都美竹，都美竹写手，五大变四大,11月22日 19:32,https://weibo.com/5807544839/NtM0dvVUA?refer_flag=1001030103_,0,0,0,0,都美竹
2023-11-22 12:24:25,4970960340128514,1298333494,青白双生,我说怎么最近都美竹黑热搜这么多，原来签子在二审啊。想到这家人会怎么恨人家姑娘，突然不寒而栗。,11月22日 19:32,https://weibo.com/1298333494/NtM0a0xqO?refer_flag=1001030103_,0,0,0,0,都美竹
2023-11-22 12:24:25,4970960282978284,6583564038,吃糖不如吃你甜,李佳琦11月22日直播预告#李佳琦直播# #李佳琦直播预告# 未来一步一个脚印，我这彼此梦想前进；路上偶尔风吹雨淋，也要握住你的手心。宁安如梦，白鹿，王鹤棣，张凌赫，都美竹，都美竹写手，五大变四大,11月22日 19:32,https://weibo.com/6583564038/NtM04cuMQ?refer_flag=1001030103_,0,0,0,0,都美竹
2023-11-22 12:24:25,4970960173138321,7852688999,悲伤小狗的告别信,#都美竹最新录音#又怎么了……,11月22日 19:32,https://weibo.com/7852688999/NtLZTdaq5?refer_flag=1001030103_,0,0,0,0,都美竹
2023-11-22 12:24:25,4970959859093475,1768208392,雨后海风yay,#都美竹最新录音#都美竹是受害人就是冤案,11月22日 19:30,https://weibo.com/1768208392/NtLZnC9CX?refer_flag=1001030103_,0,1,0,0,都美竹
2023-11-22 12:24:25,4970959821341460,2568291390,virgo-yyy,李佳琦11月22日直播预告#李佳琦直播# #李佳琦直播预告# 未来一步一个脚印，我这彼此梦想前进；路上偶尔风吹雨淋，也要握住你的手心。宁安如梦，白鹿，王鹤棣，张凌赫，都美竹，都美竹写手，五大变四大,11月22日 19:30,https://weibo.com/2568291390/NtLZk5CYs?refer_flag=1001030103_,0,0,0,0,都美竹
2023-11-22 12:24:25,4970959644659444,2946710752,小圆怎么这么可爱叻,李佳琦11月22日直播预告#李佳琦直播# #李佳琦直播预告# 未来一步一个脚印，我这彼此梦想前进；路上偶尔风吹雨淋，也要握住你的手心。宁安如梦，白鹿，王鹤棣，张凌赫，都美竹，都美竹写手，五大变四大,11月22日 19:29,https://weibo.com/2946710752/NtLZ2jy8k?refer_flag=1001030103_,0,0,0,0,都美竹
2023-11-22 12:24:25,4970959607175405,6667283641,想不出来改什么id,#都美竹最新录音# 这场闹剧到底什么时候才会结束，一遍又一遍的拉出来鞭策，什么是真的，什么是假的，互联网时代，能让大众看到的信息都是想让我们看到的。恶人自有天收，作孽的人迟早会报应到自己身上。,11月22日 19:29,https://weibo.com/6667283641/NtLYYu6El?refer_flag=1001030103_,0,0,0,0,都美竹
2023-11-22 12:24:25,4970959523550890,2652294251,奶嘤亦凡,#都美竹最新录音#,11月22日 19:29,https://weibo.com/2652294251/NtLYQeTKq?refer_flag=1001030103_,7,0,0,0,都美竹
2023-11-22 12:24:25,4970959316460388,5498043385,谁都别发现这个号_,都美竹 你能不能投河 我从来没讨厌一个人到如此程度#都美竹#,11月22日 19:28,https://weibo.com/5498043385/NtLYvr6DO?refer_flag=1001030103_,0,2,0,0,都美竹
2023-11-22 12:24:25,4970959262975818,6093396724,阿恒宝贝呀,#都美竹最新录音# 这是在做啥他？,11月22日 19:28,https://weibo.com/6093396724/NtLYqcu94?refer_flag=1001030103_,0,3,0,0,都美竹
2023-11-22 12:24:25,4970959249606984,5626062198,kk万事顺遂,#都美竹最新录音# //@璐酱喝掉福灵剂:#都美竹最新录音# //@长风IFANFANFan:#都美竹最新录音# //@安塔尔_Antares:#都美竹最新录音# //@小爱不够可爱:@蓝天好久不见66 看右侧总结//@小风车嗒嗒转:图片评论 评论配图,11月22日 19:28,https://weibo.com/5626062198/NtLYoEjdm?refer_flag=1001030103_,0,1,0,0,都美竹
2023-11-22 12:24:25,4970959238336221,7339621303,薛伊人08256,#都美竹最新录音# 真的是，信息量好大！,11月22日 19:28,https://weibo.com/7339621303/NtLYnyYDb?refer_flag=1001030103_,0,1,0,0,都美竹
2023-11-22 12:24:25,4970959131908322,2652294251,奶嘤亦凡,#都美竹最新录音# //@别看了窝嫩爹:#都美竹最新录音# //@kk_奶酪凡://@蓝天好久不见66:#都美竹最新录音#,11月22日 19:27,https://weibo.com/2652294251/NtLYd80ro?refer_flag=1001030103_,1,0,0,0,都美竹
2023-11-22 12:24:25,4970958915376113,7871495764,那年今天的罗曼蒂克,这是都美竹？吓死我了，少整点容吧大姐。,11月22日 19:27,https://weibo.com/7871495764/NtLXRmyzv?refer_flag=1001030103_,0,0,0,0,都美竹
2023-11-22 12:24:25,4970958800558053,6466818716,林狗的宝贝儿,#都美竹#真是吃不完的瓜 360度大转弯,11月22日 19:26,https://weibo.com/6466818716/NtLXG2laR?refer_flag=1001030103_,0,0,0,0,都美竹
2023-11-22 12:24:25,4970958735017700,5537916123,狂吃小渡子,#都美竹写手##都美竹录音# 这些证据够不够把这个捞女给送进监狱真的净做一些恶心事...,11月22日 19:26,https://weibo.com/5537916123/NtLXzl3kE?refer_flag=1001030103_,0,2,0,0,都美竹
2023-11-22 12:24:25,4970958722174962,6357792977,煎蛋舒白,#都美竹最新录音# 都美竹当天直播说：李恩刘美丽她们总是造谣我不是案子的受害人，现在我已经拿到判决书了，我确实是案子的受害人，我可以拿着判决书回老家告李恩刘美丽了 Ps ：李恩刘美丽是当时为都美竹发声的姐姐和闺蜜，三个人都是一个老家的 都美竹是受害人就离谱啊，她怎么敢胡编乱造诬陷他人，骗了大众，骗了👮的 L刹宝宝阿的微博视频 收起d,11月22日 19:26,https://weibo.com/6357792977/NtLXy97O2?refer_flag=1001030103_,0,0,0,0,都美竹
2023-11-22 12:24:25,4970958718245406,3190081773,板儿爷的日常,#都美竹最新录音#坏人跟坏人打架，一个把另一个打死了，但她就不是坏人了吗？ 2北京·首开龙湖北京熙悦天街,11月22日 19:26,https://weibo.com/3190081773/NtLXxyB0q?refer_flag=1001030103_,0,8,3,0,都美竹
2023-11-22 12:24:25,4970958705395318,6357792977,煎蛋舒白,//@拽的天空:#都美竹最新录音# 诈骗犯凹受害者的人设//@长风IFANFANFan:#都美竹最新录音#,11月22日 19:26,https://weibo.com/6357792977/NtLXwmDzg?refer_flag=1001030103_,0,0,0,0,都美竹
2023-11-22 12:24:25,4970958688623726,6357792977,煎蛋舒白,//@拽的天空:#都美竹最新录音# //@长风IFANFANFan:#都美竹最新录音# //@step_soulmate:#都美竹最新录音# 太坏了这个人,11月22日 19:26,https://weibo.com/6357792977/NtLXuAbqm?refer_flag=1001030103_,0,0,0,0,都美竹
2023-11-22 12:24:25,4970958540773704,2652294251,奶嘤亦凡,#都美竹最新录音# 都美竹当天直播说：李恩刘美丽她们总是造谣我不是案子的受害人，现在我已经拿到判决书了，我确实是案子的受害人，我可以拿着判决书回老家告李恩刘美丽了 Ps ：李恩刘美丽是当时为都美竹发声的姐姐和闺蜜，三个人都是一个老家的 都美竹是受害人就离谱啊，她怎么敢胡编乱造诬陷他人，骗了大众，骗了👮的 L刹宝宝阿的微博视频 收起d,11月22日 19:25,https://weibo.com/2652294251/NtLXg3fh6?refer_flag=1001030103_,0,0,0,0,都美竹
2023-11-22 12:24:25,4970958471041698,7218086798,易玺淘气堡,#都美竹最新录音#这都多长时间了 还有新的锅啊,11月22日 19:25,https://weibo.com/7218086798/NtLX94mZA?refer_flag=1001030103_,0,0,0,0,都美竹
2023-11-22 12:24:25,4970958470515958,5842192469,娜娜krisna,#都美竹最新录音#,11月22日 19:25,https://weibo.com/5842192469/NtLX92adU?refer_flag=1001030103_,0,0,0,0,都美竹
2023-11-22 12:24:25,4970958311655215,5650571488,L_异川,时隔几年，签哥在牢里还能收获一个深情人设，一个月二十万生活费都给dmz花#都美竹最新录音#,11月22日 19:24,https://weibo.com/5650571488/NtLWT6WB1?refer_flag=1001030103_,0,1,2,0,都美竹
2023-11-22 12:24:25,4970957988432792,5564000795,God-凡先森,#都美竹最新录音##都美竹最新录音#不是很懂每次这种声音出现之后，都被禁言捂嘴是什么意思？其它的都暂且不论，一件事情只允许一种声音发出，不允许质疑，怎么让所有人信服？,11月22日 19:23,https://weibo.com/5564000795/NtLWmznKM?refer_flag=1001030103_,0,10,0,0,都美竹
2023-11-22 12:24:25,4970957946225987,7453698574,哀家喜欢甜妹,#都美竹最新录音# 不是这姐又出来干嘛啊,11月22日 19:23,https://weibo.com/7453698574/NtLWiq7F9?refer_flag=1001030103_,0,2,1,0,都美竹
2023-11-22 12:24:25,4970957829312094,7645149069,黄暴瘦_,#都美竹最新录音#,11月22日 19:22,https://weibo.com/7645149069/NtLW6D4v4?refer_flag=1001030103_,0,0,0,0,都美竹
2023-11-22 12:24:25,4970957785797546,1672342071,吹风车的小猪猪,#都美竹最新录音#都不是啥好鸟，这种女的早晚被人揍,11月22日 19:22,https://weibo.com/1672342071/NtLW2okcO?refer_flag=1001030103_,0,0,1,0,都美竹
2023-11-22 12:24:25,4970957778455788,6934893117,Francesca19,#都美竹最新录音#,11月22日 19:22,https://weibo.com/6934893117/NtLW1ztJG?refer_flag=1001030103_,0,0,0,0,都美竹
2023-11-22 12:24:25,4970957753289514,5771889276,西栏微-娱乐摆渡,#律师解读都美竹写手爆料##都美竹写手# 都美竹说：我俩在一起的时候一个月给我花20多万，他对我越好我就觉得他越渣，我不允许我男朋友这样对我。,11月22日 19:22,https://weibo.com/5771889276/NtLVZdNKG?refer_flag=1001030103_,0,1,1,0,都美竹
2023-11-22 12:24:25,4970957702697897,6093396724,阿恒宝贝呀,#都美竹最新录音# //@离故某-亦十一:#都美竹最新录音# 所以这才是都美竹死咬自己是受害者，她必须得是受害者，不是受害者进去的就是她//@Minnie二哥猪:如果她不是吴案子里的受害者，她早就得进🍊了，诈骗，勒索，假口供等等一堆……但是大众一直都很疑惑为什么满嘴谎言的她会是受害者,11月22日 19:22,https://weibo.com/6093396724/NtLVUbjQt?refer_flag=1001030103_,0,1,0,0,都美竹
2023-11-22 12:24:25,4970957690373033,7542117454,营养师小苏苏,#都美竹最新录音#当初事情发生，就很奇怪。说是jq，事后说收礼物收钱，没有第一时间报警，也想交往。后来被无视了，觉得自己被耍了才说是qj。挺无语的，以后女性真的被侵犯了，想寻求帮助更难了。PS：只针对du，不是说某人无辜哈。,11月22日 19:22,https://weibo.com/7542117454/NtLVT1z2F?refer_flag=1001030103_,0,2,0,0,都美竹
2023-11-22 12:24:25,4970957623791555,7371036628,夏至未智,#都美竹#相信姐姐，姐姐一定会进去的,11月22日 19:21,https://weibo.com/7371036628/NtLVMfUm7?refer_flag=1001030103_,0,2,0,0,都美竹
2023-11-22 12:24:25,4970957341988135,6093396724,阿恒宝贝呀,#都美竹最新录音# 都小姐亲口承认她是判决书上的受害者,11月22日 19:20,https://weibo.com/6093396724/NtLVk8lcH?refer_flag=1001030103_,0,0,0,0,都美竹
2023-11-22 12:24:25,4970957308435339,5842233716,拽的天空,#都美竹最新录音# //@长风IFANFANFan:#都美竹最新录音# //@step_soulmate:#都美竹最新录音# 太坏了这个人,11月22日 19:20,https://weibo.com/5842233716/NtLVgzopR?refer_flag=1001030103_,4,2,0,0,都美竹
2023-11-22 12:24:25,4970957048647943,5842233716,拽的天空,#都美竹最新录音# 诈骗犯凹受害者的人设//@长风IFANFANFan:#都美竹最新录音#,11月22日 19:19,https://weibo.com/5842233716/NtLUQAhIX?refer_flag=1001030103_,5,3,0,0,都美竹
2023-11-22 12:24:25,4970956951127048,5842192469,娜娜krisna,#都美竹最新录音#,11月22日 19:19,https://weibo.com/5842192469/NtLUH4Jcc?refer_flag=1001030103_,0,0,0,0,都美竹
2023-11-22 12:24:25,4970956950868667,6093396724,阿恒宝贝呀,#都美竹最新录音# 一审结束后，这女的在直播间一边播放着好日子，一边喜笑颜开宣称自己是一审受害者，那么，这个真的是受害者吗？？？一开始和别人说谈恋爱，后来索要800万吴方不给b了j，她立马反咬qj，后来有人参与进了这件事，(见下图)，致使事情扑朔迷离，，她信誓旦旦的说有人帮绝对不会输，这才是真正恐怖的地方↓ 最后一图是有人找李恩要给500万让她闭嘴不让爆料都美竹↓ #都美竹录音# 收起d,11月22日 19:19,https://weibo.com/6093396724/NtLUH3DYL?refer_flag=1001030103_,0,0,0,0,都美竹
2023-11-22 12:24:25,4970956812717158,2629024871,一切重新开始呀a,//@Mr_蘭萍:#都美竹最新录音#,11月22日 19:18,https://weibo.com/2629024871/NtLUtboR8?refer_flag=1001030103_,0,0,0,0,都美竹
2023-11-22 12:24:25,4970956804326644,5842233716,拽的天空,#都美竹最新录音# 都美竹当天直播说：李恩刘美丽她们总是造谣我不是案子的受害人，现在我已经拿到判决书了，我确实是案子的受害人，我可以拿着判决书回老家告李恩刘美丽了 Ps ：李恩刘美丽是当时为都美竹发声的姐姐和闺蜜，三个人都是一个老家的 都美竹是受害人就离谱啊，她怎么敢胡编乱造诬陷他人，骗了大众，骗了👮的 L刹宝宝阿的微博视频 收起d,11月22日 19:18,https://weibo.com/5842233716/NtLUsi9yA?refer_flag=1001030103_,1,1,0,0,都美竹
2023-11-22 12:24:25,4970956797511331,2246712613,杞梓92,#都美竹最新录音# 都美竹敲诈也好，欺诈造谣也好都是都美竹的罪，吴某凡睡粉qj维持未成年是吴某凡的罪，二者并不冲突。,11月22日 19:18,https://weibo.com/2246712613/NtLUrvw2v?refer_flag=1001030103_,0,8,1,0,都美竹
2023-11-22 12:24:25,4970956621351654,7777321623,用户7777321623,#都美竹最新录音#在女厕看女人们互相争坑 撕逼,11月22日 19:17,https://weibo.com/7777321623/NtLUa5FCS?refer_flag=1001030103_,0,0,0,0,都美竹
2023-11-22 12:24:25,4970956599856835,7729562702,阴晴不定爱说说啥,#都美竹最新录音#今夕是何年，凡凡缝纫机都踩得奖了，都美竹李恩又新一轮大战！#亿点曝光计划# L阴晴不定爱说说啥的微博视频,11月22日 19:17,https://weibo.com/7729562702/NtLU7Fmdd?refer_flag=1001030103_,0,0,0,0,都美竹
2023-11-22 12:24:25,4970956581767180,2530379094,Cattie丶,#都美竹最新录音#这个李恩……6,11月22日 19:17,https://weibo.com/2530379094/NtLU67pIU?refer_flag=1001030103_,0,0,0,0,都美竹
2023-11-22 12:24:25,4970956414000945,7837104124,云朵是个小可爱吖呀,李佳琦11月22日直播预告#李佳琦直播# #李佳琦直播预告#未来一步一个脚印，我这彼此梦想前进；路上偶尔风吹雨淋，也要握住你的手心。宁安如梦，白鹿，王鹤棣，张凌赫，都美竹，都美竹写手，傅首尔，李晨,11月22日 19:17,https://weibo.com/7837104124/NtLTPgMPn?refer_flag=1001030103_,0,0,0,0,都美竹
2023-11-22 12:24:25,4970956405605197,7541660741,aaa辣片,#都美竹最新录音#又开始禁言了 它们真的很害怕更多讨论更多质疑的声音,11月22日 19:17,https://weibo.com/7541660741/NtLTOnwap?refer_flag=1001030103_,0,0,0,0,都美竹
2023-11-22 12:24:25,4970956405868795,7863916854,来点西红柿炒番茄,#都美竹最新录音#还有录音？这位大姐什么时候进去，真的看不下去眼了 …… 一天天的,11月22日 19:17,https://weibo.com/7863916854/NtLTOoCJZ?refer_flag=1001030103_,0,0,0,0,都美竹
2023-11-22 12:24:25,4970956369431662,1868825941,Leah_伊莎贝拉拉,#都美竹最新录音#  好多人在这暗戳戳地质疑中国司法 嚷嚷着把所有证据都公布出来什么的  吴是外籍人士 还是名人 对于这样的人的审判 司法机关肯定会特别慎重的啊 该不会真的以为当时判决结果是因为那几个女人的小作文吧  现在搞这么一通  是嫌吴si得不够快吗,11月22日 19:16,https://weibo.com/1868825941/NtLTKDzBA?refer_flag=1001030103_,1,2,0,0,都美竹
2023-11-22 12:24:25,4970956079760085,6801208246,你快闭嘴·,#都美竹最新录音#又开始了姐/.,11月22日 19:15,https://weibo.com/6801208246/NtLThEX2J?refer_flag=1001030103_,0,1,0,0,都美竹
2023-11-22 12:24:25,4970956033888875,7541660741,aaa辣片,#都美竹最新录音#搞不懂啦,11月22日 19:15,https://weibo.com/7541660741/NtLTdgjFN?refer_flag=1001030103_,0,0,0,0,都美竹
2023-11-22 12:24:25,4970955316135594,7330216225,PlayShadow-暗恋,#都美竹最新录音#给我爬！,11月22日 19:12,https://weibo.com/7330216225/NtLS3pK9c?refer_flag=1001030103_,0,0,0,0,都美竹
2023-11-22 12:24:25,4970955063689532,7509419110,祺嘉露颜,#都美竹最新录音#搞不懂了,11月22日 19:11,https://weibo.com/7509419110/NtLREftOA?refer_flag=1001030103_,0,0,0,0,都美竹
2023-11-22 12:24:25,4970955055303804,7320120475,SSSZarahy,#都美竹最新录音#,11月22日 19:11,https://weibo.com/7320120475/NtLRDmfLe?refer_flag=1001030103_,0,0,0,0,都美竹
2023-11-22 12:24:25,4970954935240241,5222875791,呱呱小狗狗,几乎所有的明星都是在自己犯太岁的时候出的事儿，犯太岁，通俗来说，就是我们前世得罪过的人，集中会在这一年来向我们讨债，所以这一年我们必须要低调，不要乱来，夹紧尾巴做人才能平安度过，小心驶得万年船，这吴亦凡也是在犯太岁的时候出的事儿。吴亦凡很大原因是得罪了不该得罪的人了！以他的知名度和财力有很多事情是可以搞点的！这个结果不符合程序，像这种事实清楚案件明了的案子不可能拖一年才开庭！我去年就算到这个都美竹就是他的情劫，他一定会被女人拖后腿。转自三铜钱。如果你2024犯太岁 可以看下2024流年运势 O网页链接 收起d,11月22日 19:11,https://weibo.com/5222875791/NtLRrlZe1?refer_flag=1001030103_,1,8,2,0,都美竹
2023-11-22 12:24:25,4970954828546588,5738562085,长风IFANFANFan,#都美竹最新录音# 都美竹当天直播说：李恩刘美丽她们总是造谣我不是案子的受害人，现在我已经拿到判决书了，我确实是案子的受害人，我可以拿着判决书回老家告李恩刘美丽了 Ps ：李恩刘美丽是当时为都美竹发声的姐姐和闺蜜，三个人都是一个老家的 都美竹是受害人就离谱啊，她怎么敢胡编乱造诬陷他人，骗了大众，骗了👮的 L刹宝宝阿的微博视频 收起d,11月22日 19:10,https://weibo.com/5738562085/NtLRgzRmc?refer_flag=1001030103_,4,1,0,0,都美竹
2023-11-22 12:24:25,4970954782415378,1965308654,唯有暴富可解忧啊,李佳琦11月22日直播预告#李佳琦直播# #李佳琦直播预告# 未来一步一个脚印，我这彼此梦想前进；路上偶尔风吹雨淋，也要握住你的手心。宁安如梦，白鹿，王鹤棣，张凌赫，都美竹，都美竹写手，五大变四大,11月22日 19:10,https://weibo.com/1965308654/NtLRca8lI?refer_flag=1001030103_,0,0,0,0,都美竹
2023-11-22 12:24:25,4970954750166241,5127714925,summer0114kkk,#都美竹最新录音#两个都进去吧随便吧,11月22日 19:10,https://weibo.com/5127714925/NtLR90Hfj?refer_flag=1001030103_,0,1,0,0,都美竹
2023-11-22 12:24:25,4970954645831827,5807544839,祺祺天天都开心,李佳琦11月22日直播预告#李佳琦直播# #李佳琦直播预告# 未来一步一个脚印，我这彼此梦想前进；路上偶尔风吹雨淋，也要握住你的手心。宁安如梦，白鹿，王鹤棣，张凌赫，都美竹，都美竹写手，五大变四大,11月22日 19:10,https://weibo.com/5807544839/NtLQYot7J?refer_flag=1001030103_,0,0,0,0,都美竹
2023-11-22 12:24:25,4970954581083268,6583564038,吃糖不如吃你甜,李佳琦11月22日直播预告#李佳琦直播# #李佳琦直播预告# 未来一步一个脚印，我这彼此梦想前进；路上偶尔风吹雨淋，也要握住你的手心。宁安如梦，白鹿，王鹤棣，张凌赫，都美竹，都美竹写手，五大变四大,11月22日 19:09,https://weibo.com/6583564038/NtLQS4xO4?refer_flag=1001030103_,0,0,0,0,都美竹
2023-11-22 12:24:25,4970954419084455,7613639109,坏心眼先收了吧,#都美竹最新录音#一个月20w生活费 我想象不到🙏,11月22日 19:09,https://weibo.com/7613639109/NtLQBC7ht?refer_flag=1001030103_,0,0,0,0,都美竹
2023-11-22 12:24:25,4970953998078806,6054102402,玲听梅格妮,//@离故某-亦十一:#都美竹最新录音# 所以这才是都美竹死咬自己是受害者，她必须得是受害者，不是受害者进去的就是她//@Minnie二哥猪:如果她不是吴案子里的受害者，她早就得进🍊了，诈骗，勒索，假口供等等一堆……但是大众一直都很疑惑为什么满嘴谎言的她会是受害者,11月22日 19:07,https://weibo.com/6054102402/NtLPVxTFk?refer_flag=1001030103_,0,0,0,0,都美竹
2023-11-22 12:24:25,4970953886666109,2287365501,小议国事,#都美竹最新录音#  在法律认可的证据里，口述证据是最容易发生变化的一种。  作为一种传来证据，在所有的录音证据当中，关于人说话声音的录音证据，是最不能单独成为定案依据的一种。  前两天那封道歉信，很多少儿不宜的内容，没想到竟然没发出来，竟然还有人会拿来公开讨论。  至于信里说的话，想要作为认定事实的依据，那自然是远远不够。  有些人炮制的吴亦凡会不会翻案的话题，实在是有些一厢情愿。  用周边人的一些言辞证据，来相反方向证实相关人的行为的做法，本身就说明与相关人行为有关的相直接证据不够。  吴亦凡和都美竹的事到了这个份上，理论存在三种结果：一是男的有罪，女的没抓。二是女的有罪，男的没抓。三是男女都被抓了。  吴亦凡已经判了，至于都美竹会怎么样？  网上说了不算，最终还得看证据！ 收起d,11月22日 19:07,https://weibo.com/2287365501/NtLPKrY9T?refer_flag=1001030103_,57,98,14,0,都美竹
2023-11-22 12:24:25,4970953876445139,5678039606,我相信风一直都在,#都美竹最新录音#,11月22日 19:07,https://weibo.com/5678039606/NtLPJr2FR?refer_flag=1001030103_,0,0,0,0,都美竹
2023-11-22 12:24:25,4970953714436554,6531309783,AAA赤色鸳鸯手工定制,#都美竹最新录音# 希望每个人都能得到自己想要的,11月22日 19:06,https://weibo.com/6531309783/NtLPtiC9k?refer_flag=1001030103_,0,2,0,0,都美竹
2023-11-22 12:24:25,4970953231829568,6430213219,孤独至少还有偏旁,#都美竹最新录音#,11月22日 19:04,https://weibo.com/6430213219/NtLOH7FXa?refer_flag=1001030103_,0,1,0,0,都美竹
2023-11-22 12:24:25,4970952955004754,7647988367,追星少女晨晨,今日都美竹新录音曝光 称“他对我越好，我越觉得他假”关注我每天为你们提供最新娱乐消息！ L追星少女晨晨的微博视频,11月22日 19:03,https://weibo.com/7647988367/NtLOfkZXQ?refer_flag=1001030103_,0,1,0,0,都美竹
2023-11-22 12:24:25,4970952857223867,6090644647,爱美妆的小饼,生图和精修，差别大吗？ 都美竹生图对比，啊？差别那么大吗？这真的是一个人吗？ #都美竹最新录音# #生图# #微博变美手册#,11月22日 19:03,https://weibo.com/6090644647/NtLO5ujfZ?refer_flag=1001030103_,0,0,1,0,都美竹
2023-11-22 12:24:25,4970952555499018,2568291390,virgo-yyy,李佳琦11月22日直播预告#李佳琦直播# #李佳琦直播预告# 未来一步一个脚印，我这彼此梦想前进；路上偶尔风吹雨淋，也要握住你的手心。宁安如梦，白鹿，王鹤棣，张凌赫，都美竹，都美竹写手，五大变四大,11月22日 19:01,https://weibo.com/2568291390/NtLNBn4xQ?refer_flag=1001030103_,0,0,0,0,都美竹
2023-11-22 12:24:25,4970952291256662,2946710752,小圆怎么这么可爱叻,李佳琦11月22日直播预告#李佳琦直播# #李佳琦直播预告# 未来一步一个脚印，我这彼此梦想前进；路上偶尔风吹雨淋，也要握住你的手心。宁安如梦，白鹿，王鹤棣，张凌赫，都美竹，都美竹写手，五大变四大,11月22日 19:00,https://weibo.com/2946710752/NtLNb5gUK?refer_flag=1001030103_,0,0,0,0,都美竹
2023-11-22 12:24:25,4970952253244781,1830300062,妮妮匿匿,//@长风IFANFANFan:#都美竹最新录音# //@煎饼WU201801:#都美竹最新录音# //@DeserveWw:#都美竹最新录音# //@S-Sull:#都美竹最新录音# 她愿意演大家愿意看 还挺配合她呢,11月22日 19:00,https://weibo.com/1830300062/NtLN7dC7b?refer_flag=1001030103_,0,0,0,0,都美竹
2023-11-22 12:24:25,4970952242237892,6085757616,一起来聊八,咱就是说能不能安安静静的当个网红呀  #都美竹最新录音# L一起来聊八的微博视频,11月22日 19:00,https://weibo.com/6085757616/NtLN69ob2?refer_flag=1001030103_,0,0,0,0,都美竹
2023-11-22 12:24:25,4970952225720892,7751212466,Lunn_Ni,#都美竹最新录音#现在说一句都女士不好 都成wyf粉丝？？哈哈哈 别太搞笑 我们都是有脑子的人 能看清好与坏哈哈哈哈,11月22日 19:00,https://weibo.com/7751212466/NtLN4o0gs?refer_flag=1001030103_,0,0,0,0,都美竹
2023-11-22 12:24:25,4970952106708193,1830300062,妮妮匿匿,//@uuooen-:前一天都美竹：他是我男朋友 第二天：我是受害者,11月22日 19:00,https://weibo.com/1830300062/NtLMSs96F?refer_flag=1001030103_,0,0,0,0,都美竹
2023-11-22 12:24:25,4970951608634204,7751212466,Lunn_Ni,#都美竹最新录音#李恩 被禁言了 都女士是不是怕了！她啥时候进去！！，，，,11月22日 18:58,https://weibo.com/7751212466/NtLM4Ae9m?refer_flag=1001030103_,0,0,0,0,都美竹
2023-11-22 12:24:25,4970951544672365,2951434850,皮卡丘Mina,#都美竹最新录音# 说真话的被禁言，道德败坏说谎的人平安无事,11月22日 18:57,https://weibo.com/2951434850/NtLLYjBuJ?refer_flag=1001030103_,0,5,0,0,都美竹
2023-11-22 12:24:25,4970951464718327,1915214385,贝加尔糊比,#都美竹最新录音# 😨实时有点东西,11月22日 18:57,https://weibo.com/1915214385/NtLLQjNs3?refer_flag=1001030103_,0,1,0,0,都美竹
2023-11-22 12:24:25,4970951461834027,6890544987,筱泊蒂改名好难哦,#都美竹最新录音#一天啥事没干，光顾着上微博当青天大老爷了，你们电话是没有一一灵这三个数字吗,11月22日 18:57,https://weibo.com/6890544987/NtLLQ7H75?refer_flag=1001030103_,0,1,0,0,都美竹
2023-11-22 12:24:25,4970951461570120,5648027637,乱乱的很安心,#都美竹最新录音#烦死了！能不能让她闭嘴d 女士这样的人为什么不封杀？？这世界到底怎么了？,11月22日 18:57,https://weibo.com/5648027637/NtLLQ6Asw?refer_flag=1001030103_,0,3,2,0,都美竹
2023-11-22 12:24:25,4970951227217348,7751212466,Lunn_Ni,#都美竹最新录音##都美竹最新录音# 这世界到底怎么了？这么恶毒的女的为啥还不封杀！,11月22日 18:56,https://weibo.com/7751212466/NtLLsuhyQ?refer_flag=1001030103_,0,0,0,0,都美竹
2023-11-22 12:24:25,4970950949077572,5770758960,_芝士糯糯_,#都美竹最新录音#,11月22日 18:55,https://weibo.com/5770758960/NtLL0C5us?refer_flag=1001030103_,0,0,0,0,都美竹
2023-11-22 12:24:25,4970950836620108,3952696858,Galaxy银河日落,#都美竹最新录音#现在大规模禁言了不知道在担心什么,11月22日 18:54,https://weibo.com/3952696858/NtLKPrMbW?refer_flag=1001030103_,0,0,0,0,都美竹
2023-11-22 12:24:25,4970950638442423,5686046341,梅格妮54543,#律师解读都美竹写手爆料#好荒诞的世界，总有人拿什么未成年说事。然而，通报中三个受害人，一个是都某竹，另外两个是她的朋友。还不足以说明此次案件的荒谬吗? 吴方连发声的机会都没有，某些机构任由各种谣言和脏水泼给他，制造出更多舆论让此案模糊不清。作为一个社会人，作为正直的公民，请人们好好了解案件的真相醒醒吧。 收起d,11月22日 18:54,https://weibo.com/5686046341/NtLKvzqg7?refer_flag=1001030103_,0,0,0,0,都美竹
2023-11-22 12:24:25,4970950400673352,1841326157,樱桃G,发现吴某凡这个瓜bug还真多，不只都美竹录音和写手反水。  一审受害者有三个人，很奇怪的是，三个人在被qj后都不选择报j，而是在过了大半年后，其中一个跳出来敲诈，敲诈不成怕被告开始反咬qj，而另外两个受害者是这个敲诈人的姐妹，就很有意思  #都美竹最新录音#,11月22日 18:53,https://weibo.com/1841326157/NtLK82Paw?refer_flag=1001030103_,0,10,2,0,都美竹
2023-11-22 12:24:25,4970950363190713,7130161026,_比奇堡居民_,帮都美竹说话的女的还有很多捏,11月22日 18:53,https://weibo.com/7130161026/NtLK4do37?refer_flag=1001030103_,0,0,0,0,都美竹
2023-11-22 12:24:25,4970950332258557,7611921685,用户7611921685,这两天都美竹又上热搜了，而且三个热搜一起上，有种平地起雷的感觉。  都美竹起诉那么多曾经帮她发声的博主，让全网人傻眼，终于全网知道了都美竹是个怎样的贱人，贱到毁人三观。虽然大家以前也知道她不是啥好东西，但她如此放肆上演农夫与蛇的故事还是震怒了天庭。  这次热搜应该是有大佬要整她的节奏。估计是她快进去了。为了让她进去，对吴就会轻判几年，因为少了都美竹这个受害者了。'  虽然其它两位受害者本来也不存在。  这是我预测的。过段时间看看我预测的对不对。 收起d,11月22日 18:52,https://weibo.com/7611921685/NtLK19tyl?refer_flag=1001030103_,0,3,2,0,都美竹
2023-11-22 12:24:25,4970950244176304,5978836939,东北my-heart,#都美竹最新录音#揭露都美竹的人一个个都被捂嘴🙊了，最新消息 李恩和写手被🚫言了，文章也被删除了,11月22日 18:52,https://weibo.com/5978836939/NtLJShwrK?refer_flag=1001030103_,0,12,4,0,都美竹
2023-11-22 12:24:25,4970950140888100,5622955109,Wu_chaolei,#都美竹最新录音#2个都进去吧,11月22日 18:52,https://weibo.com/5622955109/NtLJI3J2c?refer_flag=1001030103_,0,0,0,0,都美竹
2023-11-22 12:24:25,4970950103403387,2129366124,_路小假,#都美竹最新录音# 她到底刑不刑,11月22日 18:52,https://weibo.com/2129366124/NtLJEehnl?refer_flag=1001030103_,1,6,1,0,都美竹
2023-11-22 12:24:25,4970950051239503,7568926602,kimminji1042,#都美竹最新录音#吴怎么我不关心，但能不能也把这个女的关进去，好装啊,11月22日 18:51,https://weibo.com/7568926602/NtLJz5crZ?refer_flag=1001030103_,0,0,0,0,都美竹
2023-11-22 12:24:25,4970949845977556,5251855042,蚝甲伙,#都美竹最新录音#又禁言，什么时候都某竹也禁了，一视同仁啊,11月22日 18:51,https://weibo.com/5251855042/NtLJep52c?refer_flag=1001030103_,0,0,0,0,都美竹
2023-11-22 12:24:25,4970949729589294,7738570138,Moka_07,#都美竹最新录音#烦死了！能不能让她闭嘴d 女士这样的人为什么不封杀？？这世界到底怎么了？,11月22日 18:50,https://weibo.com/7738570138/NtLJ2EeC2?refer_flag=1001030103_,0,1,0,0,都美竹
2023-11-22 12:24:25,4970949687906721,3561848932,uuooen-,前一天都美竹：他是我男朋友 第二天：我是受害者,11月22日 18:50,https://weibo.com/3561848932/NtLIYxaTL?refer_flag=1001030103_,1,0,0,0,都美竹
2023-11-22 12:24:25,4970949606644736,5584598035,911的星星,大家不要慌，北京朝阳张吉星这么多人举报都一点事儿没有呢都美竹找她的后台禁个言小意思啦,11月22日 18:50,https://weibo.com/5584598035/NtLIQrSBa?refer_flag=1001030103_,0,1,0,0,都美竹
2023-11-22 12:24:25,4970949396924390,6644543466,吃定猫猫堡,#都美竹最新录音#因为dmz假就想说wyf被冤枉的想什么呢 还有那么多受害人呢难道一个个都是假的 要是假的怎么可能查不出来 尊重法律安心蹲大牢吧,11月22日 18:49,https://weibo.com/6644543466/NtLIvt3lI?refer_flag=1001030103_,0,2,0,0,都美竹
2023-11-22 12:24:25,4970949191401917,7681334673,喜气洋阳阳,哈哈哈哈哈哈//@行走的心不死:都…都美竹？！//@你是来恰屎的吧:图片评论 评论配图,11月22日 18:48,https://weibo.com/7681334673/NtLIb5SHz?refer_flag=1001030103_,0,0,0,0,都美竹
2023-11-22 12:24:25,4970948840133593,7837104124,云朵是个小可爱吖呀,李佳琦11月22日直播预告#李佳琦直播# #李佳琦直播预告#未来一步一个脚印，我这彼此梦想前进；路上偶尔风吹雨淋，也要握住你的手心。宁安如梦，白鹿，王鹤棣，张凌赫，都美竹，都美竹写手，傅首尔，李晨,11月22日 18:47,https://weibo.com/7837104124/NtLHC0yKJ?refer_flag=1001030103_,0,0,0,0,都美竹
2023-11-22 12:24:25,4970948767784304,6451508692,煎饼WU201801,#都美竹最新录音# 都美竹当天直播说：李恩刘美丽她们总是造谣我不是案子的受害人，现在我已经拿到判决书了，我确实是案子的受害人，我可以拿着判决书回老家告李恩刘美丽了 Ps ：李恩刘美丽是当时为都美竹发声的姐姐和闺蜜，三个人都是一个老家的 都美竹是受害人就离谱啊，她怎么敢胡编乱造诬陷他人，骗了大众，骗了👮的 L刹宝宝阿的微博视频 收起d,11月22日 18:46,https://weibo.com/6451508692/NtLHuwF3i?refer_flag=1001030103_,6,0,0,0,都美竹
2023-11-22 12:24:25,4970948268658112,1965308654,唯有暴富可解忧啊,李佳琦11月22日直播预告#李佳琦直播# #李佳琦直播预告# 未来一步一个脚印，我这彼此梦想前进；路上偶尔风吹雨淋，也要握住你的手心。宁安如梦，白鹿，王鹤棣，张凌赫，都美竹，都美竹写手，五大变四大,11月22日 18:44,https://weibo.com/1965308654/NtLGGAkmY?refer_flag=1001030103_,0,0,0,0,都美竹
2023-11-22 12:24:25,4970948223570942,1965308654,唯有暴富可解忧啊,李佳琦11月22日直播预告#李佳琦直播# #李佳琦直播预告# 未来一步一个脚印，我这彼此梦想前进；路上偶尔风吹雨淋，也要握住你的手心。宁安如梦，白鹿，王鹤棣，张凌赫，都美竹，都美竹写手，五大变四大,11月22日 18:44,https://weibo.com/1965308654/NtLGCeYXQ?refer_flag=1001030103_,0,0,0,0,都美竹
2023-11-22 12:24:25,4970948177694283,1965308654,唯有暴富可解忧啊,李佳琦11月22日直播预告#李佳琦直播# #李佳琦直播预告# 未来一步一个脚印，我这彼此梦想前进；路上偶尔风吹雨淋，也要握住你的手心。宁安如梦，白鹿，王鹤棣，张凌赫，都美竹，都美竹写手，五大变四大,11月22日 18:44,https://weibo.com/1965308654/NtLGxwhDl?refer_flag=1001030103_,0,0,0,0,都美竹
2023-11-22 12:24:25,4970948085158776,5807544839,祺祺天天都开心,李佳琦11月22日直播预告#李佳琦直播# #李佳琦直播预告# 未来一步一个脚印，我这彼此梦想前进；路上偶尔风吹雨淋，也要握住你的手心。宁安如梦，白鹿，王鹤棣，张凌赫，都美竹，都美竹写手，五大变四大,11月22日 18:44,https://weibo.com/5807544839/NtLGolE24?refer_flag=1001030103_,0,0,0,0,都美竹
2023-11-22 12:24:25,4970948026435381,6397480711,Aquarius_____,#都美竹最新录音#怎么还禁言了？是害怕了吗？,11月22日 18:43,https://weibo.com/6397480711/NtLGir08t?refer_flag=1001030103_,0,3,1,0,都美竹
2023-11-22 12:24:25,4970948023029440,5807544839,祺祺天天都开心,李佳琦11月22日直播预告#李佳琦直播# #李佳琦直播预告# 未来一步一个脚印，我这彼此梦想前进；路上偶尔风吹雨淋，也要握住你的手心。宁安如梦，白鹿，王鹤棣，张凌赫，都美竹，都美竹写手，五大变四大,11月22日 18:43,https://weibo.com/5807544839/NtLGicI5W?refer_flag=1001030103_,0,0,0,0,都美竹
2023-11-22 12:24:25,4970947985020415,7786178377,小狗梦幻悸,#都美竹最新录音#这事还有后续？。,11月22日 18:43,https://weibo.com/7786178377/NtLGel42r?refer_flag=1001030103_,0,0,0,0,都美竹
2023-11-22 12:24:25,4970947962478729,5807544839,祺祺天天都开心,李佳琦11月22日直播预告#李佳琦直播# #李佳琦直播预告# 未来一步一个脚印，我这彼此梦想前进；路上偶尔风吹雨淋，也要握住你的手心。宁安如梦，白鹿，王鹤棣，张凌赫，都美竹，都美竹写手，五大变四大,11月22日 18:43,https://weibo.com/5807544839/NtLGcaoPv?refer_flag=1001030103_,0,0,0,0,都美竹
2023-11-22 12:24:25,4970947870201813,2606812875,牛哥碎念,网友谈：都美竹事件：2位写手倒戈向吴亦凡忏悔，司法公正性备受质疑,11月22日 18:43,https://weibo.com/2606812875/NtLG30Qv3?refer_flag=1001030103_,0,3,1,0,都美竹
2023-11-22 12:24:25,4970947804402766,7723434922,不搞耶low,#都美竹最新录音# 一审结束后，这女的在直播间一边播放着好日子，一边喜笑颜开宣称自己是一审受害者，那么，这个真的是受害者吗？？？一开始和别人说谈恋爱，后来索要800万吴方不给b了j，她立马反咬qj，后来有人参与进了这件事，(见下图)，致使事情扑朔迷离，，她信誓旦旦的说有人帮绝对不会输，这才是真正恐怖的地方↓ 最后一图是有人找李恩要给500万让她闭嘴不让爆料都美竹↓ #都美竹录音# 收起d,11月22日 18:42,https://weibo.com/7723434922/NtLFWitmm?refer_flag=1001030103_,0,0,0,0,都美竹
2023-11-22 12:24:25,4970947737551116,6222298445,依然爱的人是你,#都美竹最新录音#一个录音就把人禁言了？背后的资本无法无天了吗，在怕什么啊,11月22日 18:42,https://weibo.com/6222298445/NtLFPvGoc?refer_flag=1001030103_,0,8,1,0,都美竹
2023-11-22 12:24:25,4970947578173067,6583564038,吃糖不如吃你甜,李佳琦11月22日直播预告#李佳琦直播# #李佳琦直播预告# 未来一步一个脚印，我这彼此梦想前进；路上偶尔风吹雨淋，也要握住你的手心。宁安如梦，白鹿，王鹤棣，张凌赫，都美竹，都美竹写手，五大变四大,11月22日 18:42,https://weibo.com/6583564038/NtLFzyibF?refer_flag=1001030103_,0,0,0,0,都美竹
2023-11-22 12:24:25,4970947435566512,5318923333,情欢_,#都美竹最新录音# 弱弱的问一句，男的被判了 13年、是终审吗，还可以上述吗,11月22日 18:41,https://weibo.com/5318923333/NtLFlnm6s?refer_flag=1001030103_,1,6,16,0,都美竹
2023-11-22 12:24:25,4970947124659781,2577914837,生声入心_心无旁骛,#都美竹最新录音#不要给我推这辣鸡玩意儿,11月22日 18:40,https://weibo.com/2577914837/NtLEQjydL?refer_flag=1001030103_,0,0,0,0,都美竹
2023-11-22 12:24:25,4970946851245449,1792385667,你在的地方总有暖光_,#都美竹录音# //@离故某-亦十一:#都美竹最新录音# 所以这才是都美竹死咬自己是受害者，她必须得是受害者，不是受害者进去的就是她//@Minnie二哥猪:如果她不是吴案子里的受害者，她早就得进🍊了，诈骗，勒索，假口供等等一堆……但是大众一直都很疑惑为什么满嘴谎言的她会是受害者,11月22日 18:39,https://weibo.com/1792385667/NtLEp5dZT?refer_flag=1001030103_,0,0,0,0,都美竹
2023-11-22 12:24:25,4970946772867410,2930452934,白色罹伤,#都美竹最新录音#现在想想两年前都被全网♀的说新时代勇敢♀性 崛起的紫薇星 笑死我了 原来满嘴谎话的谣妞都能代表国♀了啊 不过也对 唐妞基本盘就是这 当时我就说 吴想要♀的排着队上他🛏的 还需要强 还被各种唐妞追着骂 还♀硬不会拿青白造谣 越来越觉得这句话是笑话,11月22日 18:38,https://weibo.com/2930452934/NtLEhc1Wy?refer_flag=1001030103_,0,3,0,0,都美竹
2023-11-22 12:24:25,4970946752152067,6396503334,天籁般Devil,#都美竹最新录音#真牛，一手遮天,11月22日 18:38,https://weibo.com/6396503334/NtLEf91QL?refer_flag=1001030103_,0,5,1,0,都美竹
2023-11-22 12:24:25,4970946705752145,5666596429,刚刚的综艺,李恩放出都美竹最新录音，怎么听着她没那么简单啊！★都美竹 ★李恩 L刚刚的综艺的微博视频,11月22日 18:38,https://weibo.com/5666596429/NtLEao8ox?refer_flag=1001030103_,0,2,3,0,都美竹
2023-11-22 12:24:25,4970946555020232,7324082750,Shawn_维雅典娜,#都美竹最新录音# 女骗子 到底谁是受害者？大家以为她是受害者，结果？呵呵呵呵,11月22日 18:37,https://weibo.com/7324082750/NtLDVl3Zu?refer_flag=1001030103_,0,1,0,0,都美竹
2023-11-22 12:24:25,4970946440991928,7389358259,换我来做大鲨鱼,#都美竹最新录音#真的笑了，问一下揭露毒女士恶行就是给吴洗？？到底谁给谁挡枪啊，这么爱祝你祖祖辈辈有毒女士同款疼爱哦,11月22日 18:37,https://weibo.com/7389358259/NtLDK4a2Q?refer_flag=1001030103_,0,0,0,0,都美竹
2023-11-22 12:24:25,4970946160231980,7724259180,就让我来朵蜜你8,#都美竹最新录音#怎么？吴某凡是被冤枉的？,11月22日 18:36,https://weibo.com/7724259180/NtLDi0YlC?refer_flag=1001030103_,0,0,0,0,都美竹
2023-11-22 12:24:25,4970946038600292,5245909871,不想难过和熬夜,#都美竹最新录音#,11月22日 18:35,https://weibo.com/5245909871/NtLD5A5ko?refer_flag=1001030103_,0,0,0,0,都美竹
2023-11-22 12:24:25,4970946028901936,3929232615,20XX·平平,#都美竹最新录音# //@Minnie二哥猪:如果她不是吴案子里的受害者，她早就得进🍊了，诈骗，勒索，假口供等等一堆……但是大众一直都很疑惑为什么满嘴谎言的她会是受害者,11月22日 18:35,https://weibo.com/3929232615/NtLD4BlNC?refer_flag=1001030103_,0,0,0,0,都美竹
2023-11-22 12:24:25,4970945995605867,5245909871,不想难过和熬夜,#都美竹最新录音#,11月22日 18:35,https://weibo.com/5245909871/NtLD1nwld?refer_flag=1001030103_,0,0,0,0,都美竹
2023-11-22 12:24:25,4970945925874758,5650203392,fanfan不爱鱼和香菜,#都美竹最新录音##都美竹录音# 都女士站出来吧！像个女人一样,11月22日 18:35,https://weibo.com/5650203392/NtLCUoEia?refer_flag=1001030103_,1,4,1,0,都美竹
2023-11-22 12:24:25,4970945853790446,6563631423,能吃能睡胖十斤,#都美竹最新录音#都美竹假≠所有受害人假，想用都美竹推翻签子的犯罪事实？想屁吃呢,11月22日 18:35,https://weibo.com/6563631423/NtLCNfU4e?refer_flag=1001030103_,0,9,0,0,都美竹
2023-11-22 12:24:25,4970945697813266,6903238392,Wendy爳魇,#都美竹录音# 谁说她不是受害者呢//@Minnie二哥猪:如果她不是吴案子里的受害者，她早就得进🍊了，诈骗，勒索，假口供等等一堆……但是大众一直都很疑惑为什么满嘴谎言的她会是受害者,11月22日 18:34,https://weibo.com/6903238392/NtLCxwMAq?refer_flag=1001030103_,0,0,0,0,都美竹
2023-11-22 12:24:25,4970945602653785,6785537765,歌神夜小西,这不是弄凉他的问题！是直接送监狱埋了好吧！没事在挖出来鞭尸！果然天蝎座女人不好惹！哈哈#都美竹最新录音#,11月22日 18:34,https://weibo.com/6785537765/NtLCob8mZ?refer_flag=1001030103_,0,3,0,0,都美竹
2023-11-22 12:24:25,4970945509856994,5650203392,fanfan不爱鱼和香菜,查看图片 //@离故某-亦十一:#都美竹最新录音#都美竹亲口承认她是判决书上的受害者,11月22日 18:33,https://weibo.com/5650203392/NtLCeFmfM?refer_flag=1001030103_,0,1,0,0,都美竹
2023-11-22 12:24:25,4970945237746629,5355490361,孟孟-Allen,#都美竹最新录音#又来？再来蹲个瓜🍉吃,11月22日 18:32,https://weibo.com/5355490361/NtLBNwvfD?refer_flag=1001030103_,0,0,0,0,都美竹
2023-11-22 12:24:25,4970945178767050,2930452934,白色罹伤,#都美竹最新录音#造谣女都能成网红 都能当时成为♀性崛起代言人之一 真是唐妞基本盘就是这 不小作文万能,11月22日 18:32,https://weibo.com/2930452934/NtLBHAMI2?refer_flag=1001030103_,0,2,0,0,都美竹
2023-11-22 12:24:25,4970945127387623,6479181437,煙祭1106,#都美竹最新录音#这叫受害者？,11月22日 18:32,https://weibo.com/6479181437/NtLBCuZRd?refer_flag=1001030103_,0,0,0,0,都美竹
2023-11-22 12:24:25,4970945093834387,5234835782,星综有娱老鬼,#都美竹最新录音#一个巴掌拍不响，俩臭货一拍而合,11月22日 18:32,https://weibo.com/5234835782/NtLBzg5uX?refer_flag=1001030103_,0,0,0,0,都美竹
2023-11-22 12:24:25,4970945061063044,6436398976,s有一只虎宝宝,#都美竹最新录音# 再说一次 都美竹是受害人之一这件事就是一个笑话,11月22日 18:32,https://weibo.com/6436398976/NtLBw4sxS?refer_flag=1001030103_,0,0,0,0,都美竹
2023-11-22 12:24:25,4970945039041278,1769661825,如今风花雪月没有他,#都美竹最新录音#  大英雄成长记，想知道一个平平无奇如何一举成名为「女英雄」吗？不妨都来看一看！,11月22日 18:31,https://weibo.com/1769661825/NtLBtBW34?refer_flag=1001030103_,0,38,0,0,都美竹
2023-11-22 12:24:25,4970945036425221,3354160490,深海鳕鱼cc,都美竹这样恶心又道德败坏的人能不能赶紧封杀啊，隔三差五就出来蹦，还能吃流量红利，不知道多少涉世未深的小女孩能跟着她学坏,11月22日 18:31,https://weibo.com/3354160490/NtLBtqXuB?refer_flag=1001030103_,0,1,0,0,都美竹
2023-11-22 12:24:25,4970944968787928,6442638039,娱乐奇葩酱,#都美竹最新录音# 哇噢 终于时隔三年有反转了。这种显而易见的事，我真的不明白啊不明白,11月22日 18:31,https://weibo.com/6442638039/NtLBmAS8M?refer_flag=1001030103_,0,1,0,0,都美竹
2023-11-22 12:24:25,4970944889883249,6293327907,视频选录记,李恩放出都美竹最新录音  #都美竹最新录音# L视频选录记的微博视频,11月22日 18:31,https://weibo.com/6293327907/NtLBeFt5f?refer_flag=1001030103_,0,1,0,0,都美竹
2023-11-22 12:24:25,4970944708743970,3159450562,YANGYINGYINGYYY,#都美竹最新录音# 再说一次 都美竹是受害人之一这件事就是一个笑话,11月22日 18:30,https://weibo.com/3159450562/NtLAWAGHM?refer_flag=1001030103_,0,2,0,0,都美竹
2023-11-22 12:24:25,4970944659196425,1463707815,作家陈岚,【#李恩曝都美竹曾承认和吴亦凡恋爱#】#都美竹最新录音#近日，都美竹的代笔@猫世霖 再次发文都美竹与吴亦凡事件，称自己一手打造出一个女英雄，而女英雄却干了很多不“英雄”的事。11月22日，@李恩LIEN_  曝录音称，“这段是之前lml提供的录音里的一段，那个时候没有完全听完，请允许我问一句，这里面说吴亦凡对她很好承认谈恋爱的人…难道就是所谓的‘受害者'？“。录音内疑似都美竹说，吴亦凡每月都是由其母亲发生活费，感觉吴亦凡对自己越好，越觉得他假。@白鹿视频 L白鹿视频的微博视频 收起d,11月22日 18:30,https://weibo.com/1463707815/NtLARCApr?refer_flag=1001030103_,5,124,15,0,都美竹
2023-11-22 12:24:25,4970944532845242,3529906182,富富有余ing,#都美竹最新录音#怎么没把都禁了啊，就发了个小小的录音就把人家禁言了，夹总小娇妻名不虚传啊,11月22日 18:29,https://weibo.com/3529906182/NtLAFbWb0?refer_flag=1001030103_,0,3,0,0,都美竹
2023-11-22 12:24:25,4970944456299376,1677801402,网蛆S一窝,#都美竹最新录音# 围脖鸡的过程：1吃完🐔，2拿完钱，3反脸叫嚣哎哟我被人曹了，4受害者自居，各种放料，在背后笑网虫纱币，5收割流量开直播……,11月22日 18:29,https://weibo.com/1677801402/NtLAxqqKQ?refer_flag=1001030103_,0,2,0,0,都美竹
2023-11-22 12:24:25,4970944440835503,5901189835,chasterrrr,我去？#都美竹录音#,11月22日 18:29,https://weibo.com/5901189835/NtLAw3vlR?refer_flag=1001030103_,0,0,0,0,都美竹
2023-11-22 12:24:25,4970944373724937,2375360965,小李要平安123,//@IkuNFF_:这么开心的“受害者”，前无古人后无来者//@离故某-亦十一:#都美竹最新录音#都美竹亲口承认她是判决书上的受害者,11月22日 18:29,https://weibo.com/2375360965/NtLApfD1D?refer_flag=1001030103_,0,0,0,0,都美竹
2023-11-22 12:24:25,4970944364020718,6913646288,泥炉等风_,#都美竹最新录音# 怎么被禁言了啊,11月22日 18:29,https://weibo.com/6913646288/NtLAogRYi?refer_flag=1001030103_,0,0,1,0,都美竹
2023-11-22 12:24:25,4970944180782429,2884504740,小P师姐,#都美竹最新录音#一个月给20万生活费 这姑娘大概真的不了解什么叫有钱人,11月22日 18:28,https://weibo.com/2884504740/NtLA63hxP?refer_flag=1001030103_,0,1,0,0,都美竹
2023-11-22 12:24:25,4970944180256804,7749277348,恐丑症重症患者,//@肆月星輝:#都美竹最新录音# 她一个诈骗勒索的ww为什么能被认定为受害者？//@Minnie二哥猪:如果她不是吴案子里的受害者，她早就得进🍊了，诈骗，勒索，假口供等等一堆……但是大众一直都很疑惑为什么满嘴谎言的她会是受害者,11月22日 18:28,https://weibo.com/7749277348/NtLA614O0?refer_flag=1001030103_,0,0,0,0,都美竹
2023-11-22 12:24:25,4970944163748047,6096677577,黄薇娅啊,#都美竹最新录音#吃瓜吃的倒胃口世界很疯狂。,11月22日 18:28,https://weibo.com/6096677577/NtLA4fJ2n?refer_flag=1001030103_,0,0,0,0,都美竹
2023-11-22 12:24:25,4970944126521879,6777522280,CCHENN-6,#都美竹最新录音#她什么时候进去,11月22日 18:28,https://weibo.com/6777522280/NtLA0rmDB?refer_flag=1001030103_,0,0,0,0,都美竹
2023-11-22 12:24:25,4970944074351934,5279798067,墨弦Jupiter,#都美竹最新录音# wyf在狱里：我对她那么好，她怎么这样对我  wdm 等wyf出来，你俩就去结婚行吗@都美竹,11月22日 18:28,https://weibo.com/5279798067/NtLzVig8u?refer_flag=1001030103_,0,0,0,0,都美竹
2023-11-22 12:24:25,4970943752438070,7568390549,懒小呆娱乐,★都美竹最新录音曝光 信息量好大！ L懒小呆娱乐的微博视频,11月22日 18:26,https://weibo.com/7568390549/NtLzpaefI?refer_flag=1001030103_,0,2,4,0,都美竹
2023-11-22 12:24:25,4970943735662867,6311964540,K726319,#都美竹最新录音#啊博主怎么被禁言了？？？？？,11月22日 18:26,https://weibo.com/6311964540/NtLznnLaz?refer_flag=1001030103_,0,0,0,0,都美竹
2023-11-22 12:24:25,4970943602230116,2568291390,virgo-yyy,李佳琦11月22日直播预告#李佳琦直播# #李佳琦直播预告# 未来一步一个脚印，我这彼此梦想前进；路上偶尔风吹雨淋，也要握住你的手心。宁安如梦，白鹿，王鹤棣，张凌赫，都美竹，都美竹写手，五大变四大,11月22日 18:26,https://weibo.com/2568291390/NtLza9m9C?refer_flag=1001030103_,0,0,0,0,都美竹
2023-11-22 12:24:25,4970943530402859,5321490822,也幸好思念无声,//@_Q1Yuanyuan:#都美竹录音# //@别看了窝嫩爹:#都美竹写手# //@DeserveWw://@油叶DL://@长风IFANFANFan:怪吓人哦#都美竹写手# //@NASA7plates:细思极恐，#都美竹写手# #都美竹录音#,11月22日 18:25,https://weibo.com/5321490822/NtLz31GNJ?refer_flag=1001030103_,0,0,0,0,都美竹
2023-11-22 12:24:25,4970943253316901,2946710752,小圆怎么这么可爱叻,李佳琦11月22日直播预告#李佳琦直播# #李佳琦直播预告# 未来一步一个脚印，我这彼此梦想前进；路上偶尔风吹雨淋，也要握住你的手心。宁安如梦，白鹿，王鹤棣，张凌赫，都美竹，都美竹写手,11月22日 18:24,https://weibo.com/2946710752/NtLyBdUSp?refer_flag=1001030103_,0,0,0,0,都美竹
2023-11-22 12:24:25,4970943110971400,1950449083,kisonuui,#都美竹最新录音# 又开始禁言了 它们真的很害怕更多讨论更多质疑的声音,11月22日 18:24,https://weibo.com/1950449083/NtLyn44HK?refer_flag=1001030103_,0,11,0,0,都美竹
2023-11-22 12:24:25,4970943102322415,5472843190,哇哇哇呀呀呀饭饭饭,#都美竹最新录音# 看了一下，这女的就没一句真话，满嘴谎言，赶紧进去踩踩缝纫机吧，老实不了一点。,11月22日 18:24,https://weibo.com/5472843190/NtLym9Kaj?refer_flag=1001030103_,0,0,0,0,都美竹
2023-11-22 12:24:25,4970943031545839,7562578255,车厘子没有车_ab,#都美竹录音#这人到底想干嘛？怎么又来了？,11月22日 18:23,https://weibo.com/7562578255/NtLyf6u8T?refer_flag=1001030103_,0,1,3,0,都美竹
2023-11-22 12:24:25,4970942808982397,7425913521,猫猫爱看比赛,#都美竹最新录音#陈谷子烂芝麻的事23年还在上RS，炒冷饭的能不能麻溜的滚走！看着反胃,11月22日 18:23,https://weibo.com/7425913521/NtLxSBGJn?refer_flag=1001030103_,0,1,0,0,都美竹
2023-11-22 12:24:25,4970942674504526,7820940636,王若萱没素质版,#都美竹最新录音#都进去就一点毛病没有了,11月22日 18:22,https://weibo.com/7820940636/NtLxFiTPE?refer_flag=1001030103_,0,0,0,0,都美竹
2023-11-22 12:24:25,4970942473701310,7876211176,池林xz,#都美竹最新录音#又去看了12年的快本 那个说着我怕我们经纪人的人 这次我该偏向你吗,11月22日 18:21,https://weibo.com/7876211176/NtLxlfwSy?refer_flag=1001030103_,0,0,0,0,都美竹
2023-11-22 12:24:25,4970942443028500,5243880345,Innocence_Zero,不把都美竹也抓起来天理难容,11月22日 18:21,https://weibo.com/5243880345/NtLxicHQM?refer_flag=1001030103_,0,0,0,0,都美竹
2023-11-22 12:24:25,4970942381692977,3199519087,liko栎,//@别看了窝嫩爹:#都美竹最新录音#,11月22日 18:21,https://weibo.com/3199519087/NtLxc76q5?refer_flag=1001030103_,0,0,0,0,都美竹
2023-11-22 12:24:25,4970942212081797,3869558783,哦-是我啦,#都美竹最新录音# 瞅瞅有些人说的什么话，感情这些年反腐 成了笑话吗？,11月22日 18:20,https://weibo.com/3869558783/NtLwV8Jzn?refer_flag=1001030103_,0,3,0,0,都美竹
2023-11-22 12:24:25,4970942201334342,5219625777,鲜奶丸子,#都美竹最新录音#广场上仍然有部分看客一副“无论都美竹再怎么样，吴也已经进去了”的看法，想法。我想说的是，这里没人提吴，咱们说的重点是都美竹，请别用吴来转移视线了！都美竹满嘴谎言，前言不搭后语，更是在一审宣判当天就迫不及待开播兴高采烈宣布她就是“受害者”！那么多录音爆出来，难道大家还要装聋做哑？你们看啊，笑得多开心？ L他比你好看多了的微博视频 收起d,11月22日 18:20,https://weibo.com/5219625777/NtLwU5B7E?refer_flag=1001030103_,0,0,0,0,都美竹
2023-11-22 12:24:25,4970942079175808,6526047371,所有对他的辱骂都反弹,#都美竹最新录音#有啥用，不能作为呈堂证供。而不喜欢wyf的人也不在乎她做的恶，只想吴坐牢就好,11月22日 18:20,https://weibo.com/6526047371/NtLwHCv2U?refer_flag=1001030103_,0,0,0,0,都美竹
2023-11-22 12:24:25,4970941895151746,2288088600,野马freedom-,#都美竹最新录音# //@Minnie二哥猪:如果她不是吴案子里的受害者，她早就得进🍊了，诈骗，勒索，假口供等等一堆……但是大众一直都很疑惑为什么满嘴谎言的她会是受害者,11月22日 18:19,https://weibo.com/2288088600/NtLwplCcG?refer_flag=1001030103_,0,0,0,0,都美竹
2023-11-22 12:24:25,4970941688059539,7590751093,从此以后726,#都美竹最新录音#都美竹敲诈勒索，抓起来抓起来！必须判了她！,11月22日 18:18,https://weibo.com/7590751093/NtLw4xOEz?refer_flag=1001030103_,0,0,0,0,都美竹
2023-11-22 12:24:25,4970941675211783,5219625777,鲜奶丸子,//@长风IFANFANFan:又开始了又开始了 好害怕#都美竹最新录音#,11月22日 18:18,https://weibo.com/5219625777/NtLw3lRP1?refer_flag=1001030103_,0,0,0,0,都美竹
2023-11-22 12:24:25,4970941635105794,5219625777,鲜奶丸子,//@蓝天好久不见66://@萌妹纸水一枝:诈骗犯什么时候进去#都美竹最新录音# //@别看了窝嫩爹:#都美竹最新录音# //@长风IFANFANFan:#都美竹最新录音# 笑死了 捞女一个,11月22日 18:18,https://weibo.com/5219625777/NtLvZlqfw?refer_flag=1001030103_,0,0,0,0,都美竹
2023-11-22 12:24:25,4970941634315092,5611721713,不凡buf,//@911的星星:我为什么说都美竹是有人故意安排到吴聚会上去的。可能有人不了解，一个公司要上市一般提前一年多会知道具体的上市时间。也就是说滴滴2021年6月底上市，所以他们2020年6月之前知道上市的具体时间。他们很清楚自己去美国上市存在违规以及来自背后报复的心理，所以他们需要一个事件来替他们,11月22日 18:18,https://weibo.com/5611721713/NtLvZi6yg?refer_flag=1001030103_,0,0,0,0,都美竹
2023-11-22 12:24:25,4970941584510727,7412043359,噶宝好运多多,#都美竹最新录音#现在说句她的不是都得被扣上签粉帽子，给我看笑了,11月22日 18:18,https://weibo.com/7412043359/NtLvUiVrF?refer_flag=1001030103_,0,4,0,0,都美竹
2023-11-22 12:24:25,4970941352253628,6117921704,在逃叭叭鸭,互联网大战接力到都美竹李恩了！公主请听录音！#都美竹 李恩# L在逃叭叭鸭的微博视频,11月22日 18:17,https://weibo.com/6117921704/NtLvx9sgQ?refer_flag=1001030103_,0,0,0,0,都美竹
2023-11-22 12:24:25,4970941299035910,5655528025,是的矜贵路人是我本人,#都美竹最新录音#李恩禁言了？,11月22日 18:17,https://weibo.com/5655528025/NtLvrBUEu?refer_flag=1001030103_,0,0,0,0,都美竹
2023-11-22 12:24:25,4970941282257489,6192877298,颜即正义症,都美竹现状极佳|||可不是一般人 年纪轻轻，能量还是很大的 现在生活得很好 舆论能够成就一些人 亦能扳倒神坛上的人 #都美竹最新录音# #生图# #微博变美手册#,11月22日 18:17,https://weibo.com/6192877298/NtLvq9th7?refer_flag=1001030103_,0,1,1,0,都美竹
2023-11-22 12:24:25,4970941114486514,7325511201,妖魔鬼怪gnm,#都美竹写手#还没结束？,11月22日 18:16,https://weibo.com/7325511201/NtLv9iP98?refer_flag=1001030103_,0,0,0,0,都美竹
2023-11-22 12:24:25,4970941092465039,5627354343,金陵王成之,#都美竹最新录音# 这段是之前lml提供的录音里的一段，那个时候没有完全听完，请允许我问一句，这里面说吴亦凡对她很好承认谈恋爱的人…难道就是所谓的“受害者”？作为旁观者请恕我不能接受，也无法理解这毫无道理的逻辑 L李恩LIEN_的微博视频,11月22日 18:16,https://weibo.com/5627354343/NtLv7algH?refer_flag=1001030103_,0,0,0,0,都美竹
2023-11-22 12:24:25,4970941016704745,2079977633,Bobona9090,#都美竹最新录音#黑吉口音，内容听着反胃。,11月22日 18:15,https://weibo.com/2079977633/NtLuZs8d3?refer_flag=1001030103_,0,0,0,0,都美竹
2023-11-22 12:24:25,4970940995996651,7837104124,云朵是个小可爱吖呀,李佳琦11月22日直播预告#李佳琦直播# #李佳琦直播预告#未来一步一个脚印，我这彼此梦想前进；路上偶尔风吹雨淋，也要握住你的手心。宁安如梦，白鹿，王鹤棣，张凌赫，都美竹，都美竹写手，傅首尔，李晨,11月22日 18:15,https://weibo.com/7837104124/NtLuXpa0b?refer_flag=1001030103_,0,0,0,0,都美竹
2023-11-22 12:24:25,4970940863349299,7325511201,妖魔鬼怪gnm,#都美竹写手#还没结束,11月22日 18:15,https://weibo.com/7325511201/NtLuKe3iX?refer_flag=1001030103_,0,0,0,0,都美竹
2023-11-22 12:24:25,4970940820884121,6901770491,娱玖爷1980,#都美竹写手李恩被禁言#啊，这真的我也无语了！！道德有问题的是dmz，这不冲突吧这？怎么着，签子还想有反转？#李恩都美竹写手账号被禁言##都美竹最新录音#,11月22日 18:15,https://weibo.com/6901770491/NtLuG3I01?refer_flag=1001030103_,0,1,0,0,都美竹
2023-11-22 12:24:25,4970940769243431,7101073275,米西kw,#都美竹最新录音# 听听,11月22日 18:14,https://weibo.com/7101073275/NtLuACMDB?refer_flag=1001030103_,0,0,0,0,都美竹
2023-11-22 12:24:25,4970940668576243,5672512173,ShinKiRain,#都美竹最新录音#  欺诈罪,11月22日 18:14,https://weibo.com/5672512173/NtLuqzZ4v?refer_flag=1001030103_,0,0,0,0,都美竹
2023-11-22 12:24:25,4970940662025882,5030381657,海德薇0401,#都美竹最新录音#这是发生关系太快的结果吧，所以哪怕后面是谈恋爱，第一次不愿意就是qj么,11月22日 18:14,https://weibo.com/5030381657/NtLuq8v1w?refer_flag=1001030103_,0,0,0,0,都美竹
2023-11-22 12:24:25,4970940649439562,5697928063,佳佳er-,开始捂嘴了？#都美竹最新录音#,11月22日 18:14,https://weibo.com/5697928063/NtLuoDBF0?refer_flag=1001030103_,0,1,0,0,都美竹
2023-11-22 12:24:25,4970940628472323,7030440728,象雾女孩,#都美竹最新录音# 某人之所以在里面是因为自己犯罪了，至与这位女士她当初就是自己睡在某人床上的，某人还帮他清空了购物车，她绝对不是什么英雄，自己行不正翻车不是正常的吗,11月22日 18:14,https://weibo.com/7030440728/NtLumzy2n?refer_flag=1001030103_,0,2,0,0,都美竹
2023-11-22 12:24:25,4970940526236372,5995934496,耶耶耶耶一,#都美竹最新录音#广场上仍然有部分看客一副“无论都美竹再怎么样，吴也已经进去了”的看法，想法。我想说的是，这里没人提吴，咱们说的重点是都美竹，请别用吴来转移视线了！都美竹满嘴谎言，前言不搭后语，更是在一审宣判当天就迫不及待开播兴高采烈宣布她就是“受害者”！那么多录音爆出来，难道大家还要装聋做哑？你们看啊，笑得多开心？ L他比你好看多了的微博视频 收起d,11月22日 18:14,https://weibo.com/5995934496/NtLucqamE?refer_flag=1001030103_,0,0,0,0,都美竹
2023-11-22 12:24:25,4970940511030750,6621070306,SwordofVictory_鹭麓,#都美竹最新录音# 都美竹当天直播说：李恩刘美丽她们总是造谣我不是案子的受害人，现在我已经拿到判决书了，我确实是案子的受害人，我可以拿着判决书回老家告李恩刘美丽了 Ps ：李恩刘美丽是当时为都美竹发声的姐姐和闺蜜，三个人都是一个老家的 都美竹是受害人就离谱啊，她怎么敢胡编乱造诬陷他人，骗了大众，骗了👮的 L刹宝宝阿的微博视频 收起d,11月22日 18:13,https://weibo.com/6621070306/NtLub4k90?refer_flag=1001030103_,0,0,0,0,都美竹
2023-11-22 12:24:25,4970940450476479,6429918018,莫须有的狐狸,#都美竹最新录音# 出来说真话的不是被禁言就是被捕 我越来越相信没有性关系 什么都没有 不然不会怕成这样,11月22日 18:13,https://weibo.com/6429918018/NtLu51ZX9?refer_flag=1001030103_,3,112,1,0,都美竹
2023-11-22 12:24:25,4970940404597978,3869558783,哦-是我啦,#都美竹最新录音# 不是我就问， 作为法定3个被害人之一的都美有这么多问题，还有另外两个是这个都美竹的朋友，这还不能说明案件里面的疑点很多吗？而且通报也没有像其他案件写的那么详细，到底是怎么回事了？？,11月22日 18:13,https://weibo.com/3869558783/NtLu0ji8W?refer_flag=1001030103_,0,5,0,0,都美竹
2023-11-22 12:24:25,4970940401452089,5123756831,刺猬火锅,#都美竹最新录音#夹有夹规,11月22日 18:13,https://weibo.com/5123756831/NtLu065KN?refer_flag=1001030103_,1,1,0,0,都美竹
2023-11-22 12:24:25,4970940322288515,7375811004,拿铁脑花-,#都美竹最新录音#这个姐的事儿咋还没完,11月22日 18:13,https://weibo.com/7375811004/NtLtS9Blx?refer_flag=1001030103_,0,0,0,0,都美竹
2023-11-22 12:24:25,4970940018458820,1972305687,城堡也很温柔,#都美竹最新录音#。。是能把wyf从监狱里救出来 还是把dmz送进去,11月22日 18:11,https://weibo.com/1972305687/NtLtnzuwA?refer_flag=1001030103_,0,0,0,0,都美竹
2023-11-22 12:24:25,4970940007713518,7320120475,SSSZarahy,#都美竹写手李恩被禁言#？,11月22日 18:11,https://weibo.com/7320120475/NtLtmwmDA?refer_flag=1001030103_,0,0,0,0,都美竹
2023-11-22 12:24:25,4970939905220528,1768208392,雨后海风yay,#都美竹最新录音#法外狂徒什么时候进去,11月22日 18:11,https://weibo.com/1768208392/NtLtclU64?refer_flag=1001030103_,0,4,0,0,都美竹
2023-11-22 12:24:25,4970939873496355,6069349670,小芮芮阿_,#都美竹#所谓的女英雄诶笑死了 🐔的钱赚的这么多还嫌不够呢,11月22日 18:11,https://weibo.com/6069349670/NtLt9eFyP?refer_flag=1001030103_,0,1,0,0,都美竹
2023-11-22 12:24:25,4970939843349515,5939011914,邋遢褴褛的黑兀鹰,#都美竹最新录音# 一审结束后，这女的在直播间一边播放着好日子，一边喜笑颜开宣称自己是一审受害者，那么，这个真的是受害者吗？？？一开始和别人说谈恋爱，后来索要800万吴方不给b了j，她立马反咬qj，后来有人参与进了这件事，(见下图)，致使事情扑朔迷离，，她信誓旦旦的说有人帮绝对不会输，这才是真正恐怖的地方↓ 最后一图是有人找李恩要给500万让她闭嘴不让爆料都美竹↓ #都美竹录音# 收起d,11月22日 18:11,https://weibo.com/5939011914/NtLt6e3mr?refer_flag=1001030103_,0,0,0,0,都美竹
2023-11-22 12:24:25,4970939524582196,7715391720,我想他凡凡,//@眉目映山海://@肆月星輝://@他比你好看多了:#都美竹写手#,11月22日 18:10,https://weibo.com/7715391720/NtLsAje2o?refer_flag=1001030103_,0,0,0,0,都美竹
2023-11-22 12:24:25,4970939504399517,7860879050,李叔白是另世他,#都美竹最新录音# 一审结束后，这女的在直播间一边播放着好日子，一边喜笑颜开宣称自己是一审受害者，那么，这个真的是受害者吗？？？一开始和别人说谈恋爱，后来索要800万吴方不给b了j，她立马反咬qj，后来有人参与进了这件事，(见下图)，致使事情扑朔迷离，，她信誓旦旦的说有人帮绝对不会输，这才是真正恐怖的地方↓ 最后一图是有人找李恩要给500万让她闭嘴不让爆料都美竹↓ #都美竹录音# 收起d,11月22日 18:09,https://weibo.com/7860879050/NtLsyisvX?refer_flag=1001030103_,0,0,0,0,都美竹
2023-11-22 12:24:25,4970939435457653,6374975876,二氧化硅夹子残片在阴沟,#都美竹最新录音# 一审结束后，这女的在直播间一边播放着好日子，一边喜笑颜开宣称自己是一审受害者，那么，这个真的是受害者吗？？？一开始和别人说谈恋爱，后来索要800万吴方不给b了j，她立马反咬qj，后来有人参与进了这件事，(见下图)，致使事情扑朔迷离，，她信誓旦旦的说有人帮绝对不会输，这才是真正恐怖的地方↓ 最后一图是有人找李恩要给500万让她闭嘴不让爆料都美竹↓ #都美竹录音# 收起d,11月22日 18:09,https://weibo.com/6374975876/NtLsrmTMF?refer_flag=1001030103_,0,0,0,0,都美竹
2023-11-22 12:24:25,4970939361792464,2643766191,小饭要健康平安幸福喜乐万事顺意,#都美竹最新录音#,11月22日 18:09,https://weibo.com/2643766191/NtLsk7wiI?refer_flag=1001030103_,0,0,0,0,都美竹
2023-11-22 12:24:25,4970939252738419,2643766191,小饭要健康平安幸福喜乐万事顺意,#都美竹最新录音# 好好好 觉得都美竹没问题的 奖励你们和她结婚🫰🏻,11月22日 18:08,https://weibo.com/2643766191/NtLs9buo3?refer_flag=1001030103_,0,6,0,0,都美竹
2023-11-22 12:24:25,4970939168070777,7766065181,骆北北北北北北北北,//@樈蓝桉:#都美竹录音# #都美竹写手# #都美竹# 快来听新录音,11月22日 18:08,https://weibo.com/7766065181/NtLs0xRzP?refer_flag=1001030103_,0,0,0,0,都美竹
2023-11-22 12:24:25,4970939142903029,5045346465,夏天的海1990bling,#都美竹最新录音# 都美竹当天直播说：李恩刘美丽她们总是造谣我不是案子的受害人，现在我已经拿到判决书了，我确实是案子的受害人，我可以拿着判决书回老家告李恩刘美丽了 Ps ：李恩刘美丽是当时为都美竹发声的姐姐和闺蜜，三个人都是一个老家的 都美竹是受害人就离谱啊，她怎么敢胡编乱造诬陷他人，骗了大众，骗了👮的 L刹宝宝阿的微博视频 收起d,11月22日 18:08,https://weibo.com/5045346465/NtLrYcbd3?refer_flag=1001030103_,0,0,0,0,都美竹
2023-11-22 12:24:25,4970939137917457,7320120475,SSSZarahy,#都美竹最新录音#？这是？？？？？,11月22日 18:08,https://weibo.com/7320120475/NtLrXxdGV?refer_flag=1001030103_,0,0,0,0,都美竹
2023-11-22 12:24:25,4970939079199756,7698356668,即使是電光石火幻覺,#都美竹最新录音# 啊？？？,11月22日 18:08,https://weibo.com/7698356668/NtLrRCBha?refer_flag=1001030103_,0,0,0,0,都美竹
2023-11-22 12:24:25,4970939009208732,7589421319,细菌君201208,#都美竹写手#最后再说一边，两个都不是好人，一个罪有应得，只不过不小心被歪打正着了，一个迟早要给自己作死,11月22日 18:07,https://weibo.com/7589421319/NtLrKCDBW?refer_flag=1001030103_,0,3,0,0,都美竹
2023-11-22 12:24:25,4970938768557663,5738538213,也贰叁心事,#都美竹最新录音# 满口谎言和诬陷 玩弄s法机关的必须进去,11月22日 18:07,https://weibo.com/5738538213/NtLrmzUeP?refer_flag=1001030103_,0,5,0,0,都美竹
2023-11-22 12:24:25,4970938761742228,1941781541,yer_blues,确实，吴某的粉丝激动什么啊，警方肯定是有过硬的证据才送吴某才进去的，就算都美竹说的部分不真实，但其他受害人是真的存在的。现在这是给吴某造什么势啊,11月22日 18:06,https://weibo.com/1941781541/NtLrm7jes?refer_flag=1001030103_,0,0,0,0,都美竹
2023-11-22 12:24:25,4970938635914248,3303172811,樈蓝桉,#都美竹录音# #都美竹写手# #都美竹# 快来听新录音,11月22日 18:06,https://weibo.com/3303172811/NtLr9oOz6?refer_flag=1001030103_,1,4,0,0,都美竹
2023-11-22 12:24:25,4970938563303184,6177271517,他是酸奶味的,#都美竹最新录音# 一审结束后，这女的在直播间一边播放着好日子，一边喜笑颜开宣称自己是一审受害者，那么，这个真的是受害者吗？？？一开始和别人说谈恋爱，后来索要800万吴方不给b了j，她立马反咬qj，后来有人参与进了这件事，(见下图)，致使事情扑朔迷离，，她信誓旦旦的说有人帮绝对不会输，这才是真正恐怖的地方↓ 最后一图是有人找李恩要给500万让她闭嘴不让爆料都美竹↓ #都美竹录音# 收起d,11月22日 18:06,https://weibo.com/6177271517/NtLr2dRja?refer_flag=1001030103_,0,0,0,0,都美竹
2023-11-22 12:24:25,4970938518474611,6568286823,LLBINGX,#都美竹最新录音#真相自会浮出水面，自称受害者的人，是不是你自己心里清楚，不知道你现在慌不慌 害不害怕,11月22日 18:06,https://weibo.com/6568286823/NtLqXzyDh?refer_flag=1001030103_,0,0,0,0,都美竹
2023-11-22 12:24:25,4970938476792410,1880333395,小橘子子子_,#都美竹最新录音# 哇噢 终于时隔三年有反转了 这种显而易见的事我真的不明白啊不明白 一个巴掌拍不响 俩臭货一拍而合,11月22日 18:05,https://weibo.com/1880333395/NtLqTsv10?refer_flag=1001030103_,0,1,2,0,都美竹
2023-11-22 12:24:25,4970938363024821,1882877092,G3NGJIALI,还没出来 又进去了 坐台的心理素质这么差吗 实话听不了一点？#都美竹录音#,11月22日 18:05,https://weibo.com/1882877092/NtLqIcGTr?refer_flag=1001030103_,0,2,0,0,都美竹
2023-11-22 12:24:25,4970938336806308,5201848843,Wu11ouo,#都美竹最新录音# #都美竹录音# //@眉目映山海:#都美竹录音#//@火锅配饭饭-:#都美竹最新录音# //@别看了窝嫩爹:#都美竹最新录音# //@长风IFANFANFan:#都美竹最新录音# 笑死了 捞女一个,11月22日 18:05,https://weibo.com/5201848843/NtLqFsyDa?refer_flag=1001030103_,0,0,0,0,都美竹
2023-11-22 12:24:25,4970938232734384,6603840478,阿宋爱假期,#都美竹最新录音#呃呃呃呃呃呃呃呃,11月22日 18:04,https://weibo.com/6603840478/NtLqvbtkY?refer_flag=1001030103_,0,0,0,0,都美竹
2023-11-22 12:24:25,4970938107170097,3084917547,橘子豌豆Rxc,#都美竹最新录音# 都不想吃这瓜，奈何微博高位头条半下午 人已经进去了，就别提咯。这女的到底什么情况弄又弄不死还一直给热度。每次提出来就把进去的人拉出来鞭打一遍,11月22日 18:04,https://weibo.com/3084917547/NtLqiu5gJ?refer_flag=1001030103_,0,1,0,0,都美竹
2023-11-22 12:24:25,4970938052643806,5738538213,也贰叁心事,#都美竹最新录音# 一个满口谎言的人被认定是受害人 L也贰叁心事的微博视频,11月22日 18:04,https://weibo.com/5738538213/NtLqdb5M2?refer_flag=1001030103_,0,0,0,0,都美竹
2023-11-22 12:24:25,4970937971643857,3752723615,别看了窝嫩爹,#都美竹最新录音# //@kk_奶酪凡://@蓝天好久不见66:#都美竹最新录音#,11月22日 18:03,https://weibo.com/3752723615/NtLq56TDP?refer_flag=1001030103_,3,0,0,0,都美竹
